Train signal size,Train background size,Validation signal size,Validation background size,Test signal size,Test background size,Training method,Model structure,Model Name,Loss,ACC,AUC,Loss-true,ACC-true,AUC-true,Sample Type,Training epochs,time
100000,100000,25000,25000,25000,25000,supervised,event-CNN,supervised_eventCNN_aa_wo_product_case_5_01,0.4533324539661407,0.79034,0.86873366,0.4546403586864471,0.79112,0.8680771912,"pure, aa, w/o decay product",71,2026-03-18 13:32:29.898307
100000,100000,25000,25000,25000,25000,supervised,event-CNN,supervised_eventCNN_aa_w_product_01,0.4485231339931488,0.79306,0.8722907552,0.4504004418849945,0.79312,0.8711827312,"pure, aa, w/ decay product",86,2026-03-18 13:36:27.252638
100000,100000,25000,25000,25000,25000,supervised,event-CNN,supervised_eventCNN_aa_wo_product_case_5_02,0.4519670605659485,0.79062,0.8691011552,0.4561370313167572,0.79002,0.8669056424,"pure, aa, w/o decay product",81,2026-03-18 13:49:13.227206
100000,100000,25000,25000,25000,25000,supervised,event-CNN,supervised_eventCNN_aa_w_product_02,0.4447185695171356,0.79424,0.8739171031999999,0.4487330019474029,0.79256,0.8717516552,"pure, aa, w/ decay product",70,2026-03-18 13:53:17.933795
100000,100000,25000,25000,25000,25000,supervised,event-CNN,supervised_eventCNN_aa_wo_product_case_5_03,0.4525479972362518,0.7903,0.8691878519999999,0.4548779428005218,0.79138,0.8680318575999999,"pure, aa, w/o decay product",73,2026-03-18 14:04:35.675336
100000,100000,25000,25000,25000,25000,supervised,event-CNN,supervised_eventCNN_aa_w_product_03,0.4468340277671814,0.79302,0.872535948,0.4500210881233215,0.79342,0.8708920968,"pure, aa, w/ decay product",70,2026-03-18 14:10:07.716340
100000,100000,25000,25000,25000,25000,supervised,event-CNN,supervised_eventCNN_aa_wo_product_case_5_04,0.4555174708366394,0.78872,0.8675131264,0.4572840332984924,0.7893,0.8666185535999998,"pure, aa, w/o decay product",74,2026-03-18 14:20:01.095833
100000,100000,25000,25000,25000,25000,supervised,event-CNN,supervised_eventCNN_aa_w_product_04,0.4459283351898193,0.79436,0.8736209624000001,0.4490870237350464,0.79388,0.8720024120000002,"pure, aa, w/ decay product",73,2026-03-18 14:27:30.197743
100000,100000,25000,25000,25000,25000,supervised,event-CNN,supervised_eventCNN_aa_wo_product_case_5_05,0.4536504745483398,0.79046,0.8683374552,0.4560540616512298,0.78896,0.8670641656000001,"pure, aa, w/o decay product",71,2026-03-18 14:35:51.075085
100000,100000,25000,25000,25000,25000,supervised,event-CNN,supervised_eventCNN_aa_w_product_05,0.4447972178459167,0.79486,0.8738506319999999,0.4500968754291534,0.79376,0.8708906064,"pure, aa, w/ decay product",77,2026-03-18 14:45:59.619298
100000,100000,25000,25000,25000,25000,supervised,event-CNN,supervised_eventCNN_aa_wo_product_case_5_06,0.4518281519412994,0.79116,0.8695399615999999,0.4556381106376648,0.7897,0.8676402391999998,"pure, aa, w/o decay product",81,2026-03-18 14:53:17.484446
100000,100000,25000,25000,25000,25000,supervised,event-CNN,supervised_eventCNN_aa_w_product_06,0.4440737962722778,0.79458,0.8740912744,0.4474368095397949,0.79538,0.8723343704,"pure, aa, w/ decay product",71,2026-03-18 15:03:03.177369
100000,100000,25000,25000,25000,25000,supervised,event-CNN,supervised_eventCNN_aa_wo_product_case_5_07,0.4537095427513122,0.78956,0.8680898408,0.4543857276439667,0.79092,0.8677877136,"pure, aa, w/o decay product",80,2026-03-18 15:10:06.128345
100000,100000,25000,25000,25000,25000,supervised,event-CNN,supervised_eventCNN_aa_w_product_07,0.4461206495761871,0.79378,0.8735412528,0.4491837918758392,0.79382,0.8718704136,"pure, aa, w/ decay product",76,2026-03-18 15:21:13.136967
100000,100000,25000,25000,25000,25000,supervised,event-CNN,supervised_eventCNN_aa_wo_product_case_5_08,0.4521357119083404,0.78998,0.8691232288,0.4555116295814514,0.79092,0.8674170376,"pure, aa, w/o decay product",86,2026-03-18 15:28:06.370257
100000,100000,25000,25000,25000,25000,supervised,event-CNN,supervised_eventCNN_aa_w_product_08,0.4470055997371673,0.79204,0.8722485472,0.4511331617832184,0.79292,0.8701037464,"pure, aa, w/ decay product",74,2026-03-18 15:38:14.380725
100000,100000,25000,25000,25000,25000,supervised,event-CNN,supervised_eventCNN_aa_wo_product_case_5_09,0.4524225890636444,0.79016,0.8694891983999999,0.4546282291412353,0.79026,0.8685529496,"pure, aa, w/o decay product",79,2026-03-18 15:43:39.020742
100000,100000,25000,25000,25000,25000,supervised,event-CNN,supervised_eventCNN_aa_w_product_09,0.4462954699993133,0.79412,0.8732995832,0.4494778513908386,0.7933,0.8714541128,"pure, aa, w/ decay product",73,2026-03-18 15:55:50.793618
100000,100000,25000,25000,25000,25000,supervised,event-CNN,supervised_eventCNN_aa_wo_product_case_5_10,0.454623818397522,0.78804,0.8676329320000001,0.4563764929771423,0.78854,0.8667582016000001,"pure, aa, w/o decay product",75,2026-03-18 15:59:25.894264
100000,100000,25000,25000,25000,25000,supervised,event-CNN,supervised_eventCNN_aa_w_product_10,0.4433321058750152,0.79608,0.8747027288,0.4478358626365661,0.79402,0.8722579392,"pure, aa, w/ decay product",76,2026-03-18 16:13:54.201045
2162,1475,542,370,10000,10000,CWoLa,event-CNN,quark_jet_2_cut_eventCNN_L_300_aa_w_product_01,0.6467818021774292,0.6414473684210527,0.6432232970978358,0.6609532833099365,0.66235,0.71581893,"quark jet: = 2, L: 300 fb^-1, aa, w/ decay product",96,2026-03-18 16:14:47.758672
720,491,180,124,10000,10000,CWoLa,event-CNN,quark_jet_2_cut_eventCNN_L_100_aa_wo_product_case_5_01,0.6434575319290161,0.6447368421052632,0.6578853046594982,0.6376913785934448,0.6659,0.721340645,"quark jet: = 2, L: 100 fb^-1, aa, w/o decay product",73,2026-03-18 16:15:10.840063
2162,1475,542,370,10000,10000,CWoLa,event-CNN,quark_jet_2_cut_eventCNN_L_300_aa_w_product_02,0.647000253200531,0.6326754385964912,0.6402214022140222,0.6620857119560242,0.65665,0.71190248,"quark jet: = 2, L: 300 fb^-1, aa, w/ decay product",97,2026-03-18 16:16:24.480847
720,491,180,124,10000,10000,CWoLa,event-CNN,quark_jet_2_cut_eventCNN_L_100_aa_wo_product_case_5_02,0.6351140737533569,0.6776315789473685,0.6637992831541218,0.6518242955207825,0.6529,0.70667835,"quark jet: = 2, L: 100 fb^-1, aa, w/o decay product",84,2026-03-18 16:16:34.700618
720,491,180,124,10000,10000,CWoLa,event-CNN,quark_jet_2_cut_eventCNN_L_100_aa_wo_product_case_5_03,0.6445479393005371,0.6381578947368421,0.6526433691756272,0.641812264919281,0.67265,0.73063181,"quark jet: = 2, L: 100 fb^-1, aa, w/o decay product",79,2026-03-18 16:17:44.128737
2162,1475,542,370,10000,10000,CWoLa,event-CNN,quark_jet_2_cut_eventCNN_L_300_aa_w_product_03,0.6548924446105957,0.618421052631579,0.6141517901665503,0.6665241122245789,0.64835,0.699413735,"quark jet: = 2, L: 300 fb^-1, aa, w/ decay product",80,2026-03-18 16:17:58.501421
720,491,180,124,10000,10000,CWoLa,event-CNN,quark_jet_2_cut_eventCNN_L_100_aa_wo_product_case_5_04,0.6521613597869873,0.6381578947368421,0.641353046594982,0.6550827622413635,0.63725,0.68864316,"quark jet: = 2, L: 100 fb^-1, aa, w/o decay product",73,2026-03-18 16:18:59.383227
2162,1475,542,370,10000,10000,CWoLa,event-CNN,quark_jet_2_cut_eventCNN_L_300_aa_w_product_04,0.6449900269508362,0.6293859649122807,0.651800139623018,0.6427200436592102,0.66515,0.7211162000000001,"quark jet: = 2, L: 300 fb^-1, aa, w/ decay product",126,2026-03-18 16:20:01.115791
720,491,180,124,10000,10000,CWoLa,event-CNN,quark_jet_2_cut_eventCNN_L_100_aa_wo_product_case_5_05,0.6741839051246643,0.6217105263157895,0.5810035842293908,0.6367237567901611,0.6699,0.73140857,"quark jet: = 2, L: 100 fb^-1, aa, w/o decay product",81,2026-03-18 16:20:19.603702
2162,1475,542,370,10000,10000,CWoLa,event-CNN,quark_jet_2_cut_eventCNN_L_300_aa_w_product_05,0.6430453658103943,0.631578947368421,0.6500897576543334,0.6718554496765137,0.64105,0.691773865,"quark jet: = 2, L: 300 fb^-1, aa, w/ decay product",76,2026-03-18 16:21:37.382610
720,491,180,124,10000,10000,CWoLa,event-CNN,quark_jet_2_cut_eventCNN_L_100_aa_wo_product_case_5_06,0.6414511799812317,0.6578947368421053,0.6586917562724015,0.6494014263153076,0.6578,0.7141485900000001,"quark jet: = 2, L: 100 fb^-1, aa, w/o decay product",109,2026-03-18 16:21:45.211640
720,491,180,124,10000,10000,CWoLa,event-CNN,quark_jet_2_cut_eventCNN_L_100_aa_wo_product_case_5_07,0.6527069211006165,0.618421052631579,0.6331989247311827,0.6522226929664612,0.65965,0.714675835,"quark jet: = 2, L: 100 fb^-1, aa, w/o decay product",70,2026-03-18 16:22:59.957823
2162,1475,542,370,10000,10000,CWoLa,event-CNN,quark_jet_2_cut_eventCNN_L_300_aa_w_product_06,0.6568902134895325,0.6239035087719298,0.609873341976663,0.6707444190979004,0.6417,0.690441065,"quark jet: = 2, L: 300 fb^-1, aa, w/ decay product",65,2026-03-18 16:23:03.568812
720,491,180,124,10000,10000,CWoLa,event-CNN,quark_jet_2_cut_eventCNN_L_100_aa_wo_product_case_5_08,0.6426753997802734,0.6546052631578947,0.6482302867383513,0.6502730846405029,0.6574,0.70752196,"quark jet: = 2, L: 100 fb^-1, aa, w/o decay product",72,2026-03-18 16:24:32.085397
2162,1475,542,370,10000,10000,CWoLa,event-CNN,quark_jet_2_cut_eventCNN_L_300_aa_w_product_07,0.6491486430168152,0.6337719298245614,0.6389847411987634,0.65928053855896,0.65405,0.70758988,"quark jet: = 2, L: 300 fb^-1, aa, w/ decay product",92,2026-03-18 16:24:35.508325
720,491,180,124,10000,10000,CWoLa,event-CNN,quark_jet_2_cut_eventCNN_L_100_aa_wo_product_case_5_09,0.6629385948181152,0.6348684210526315,0.6151433691756273,0.6387250423431396,0.6681,0.72835697,"quark jet: = 2, L: 100 fb^-1, aa, w/o decay product",69,2026-03-18 16:25:43.272020
2162,1475,542,370,10000,10000,CWoLa,event-CNN,quark_jet_2_cut_eventCNN_L_300_aa_w_product_08,0.6479437351226807,0.6217105263157895,0.639059539244041,0.6552565097808838,0.6578,0.7087785200000001,"quark jet: = 2, L: 300 fb^-1, aa, w/ decay product",89,2026-03-18 16:26:16.654951
720,491,180,124,10000,10000,CWoLa,event-CNN,quark_jet_2_cut_eventCNN_L_100_aa_wo_product_case_5_10,0.676166296005249,0.6019736842105263,0.5780465949820789,0.6552864909172058,0.65405,0.705706245,"quark jet: = 2, L: 100 fb^-1, aa, w/o decay product",77,2026-03-18 16:26:46.959032
2162,1475,542,370,10000,10000,CWoLa,event-CNN,quark_jet_2_cut_eventCNN_L_300_aa_w_product_09,0.6671736836433411,0.6118421052631579,0.587967487782986,0.6616427898406982,0.65065,0.701802945,"quark jet: = 2, L: 300 fb^-1, aa, w/ decay product",72,2026-03-18 16:27:38.782468
2162,1475,542,370,10000,10000,CWoLa,event-CNN,quark_jet_2_cut_eventCNN_L_300_aa_wo_product_case_5_01,0.6533825993537903,0.6239035087719298,0.6253515508128055,0.6519840359687805,0.67435,0.7344645550000001,"quark jet: = 2, L: 300 fb^-1, aa, w/o decay product",81,2026-03-18 16:28:17.195833
2162,1475,542,370,10000,10000,CWoLa,event-CNN,quark_jet_2_cut_eventCNN_L_300_aa_w_product_10,0.6614417433738708,0.5986842105263158,0.6038745387453874,0.669535219669342,0.6557,0.70790703,"quark jet: = 2, L: 300 fb^-1, aa, w/ decay product",54,2026-03-18 16:28:55.198466
2162,1475,542,370,10000,10000,CWoLa,event-CNN,quark_jet_2_cut_eventCNN_L_300_aa_wo_product_case_5_02,0.6513873338699341,0.6173245614035088,0.6311459060536551,0.6558002233505249,0.6683,0.72579824,"quark jet: = 2, L: 300 fb^-1, aa, w/o decay product",58,2026-03-18 16:29:35.111409
6492,4429,1624,1108,10000,10000,CWoLa,event-CNN,quark_jet_2_cut_eventCNN_L_900_aa_w_product_01,0.6496241688728333,0.626281112737921,0.6342053315786667,0.6420642733573914,0.6693,0.72683632,"quark jet: = 2, L: 900 fb^-1, aa, w/ decay product",46,2026-03-18 16:30:31.394611
2162,1475,542,370,10000,10000,CWoLa,event-CNN,quark_jet_2_cut_eventCNN_L_300_aa_wo_product_case_5_03,0.6544252634048462,0.6228070175438597,0.6193627206542336,0.6437734365463257,0.6744,0.7336076650000001,"quark jet: = 2, L: 300 fb^-1, aa, w/o decay product",59,2026-03-18 16:30:55.250858
2162,1475,542,370,10000,10000,CWoLa,event-CNN,quark_jet_2_cut_eventCNN_L_300_aa_wo_product_case_5_04,0.6408109068870544,0.6546052631578947,0.655450284232572,0.6425009965896606,0.67845,0.7369208049999999,"quark jet: = 2, L: 300 fb^-1, aa, w/o decay product",86,2026-03-18 16:32:29.516804
6492,4429,1624,1108,10000,10000,CWoLa,event-CNN,quark_jet_2_cut_eventCNN_L_900_aa_w_product_02,0.6485750079154968,0.633601756954612,0.6385451307997368,0.6390475630760193,0.6761,0.735806215,"quark jet: = 2, L: 900 fb^-1, aa, w/ decay product",73,2026-03-18 16:32:42.067799
2162,1475,542,370,10000,10000,CWoLa,event-CNN,quark_jet_2_cut_eventCNN_L_300_aa_wo_product_case_5_05,0.637971043586731,0.6524122807017544,0.6596190286227186,0.6480084657669067,0.67505,0.7304174500000001,"quark jet: = 2, L: 300 fb^-1, aa, w/o decay product",85,2026-03-18 16:34:02.566301
6492,4429,1624,1108,10000,10000,CWoLa,event-CNN,quark_jet_2_cut_eventCNN_L_900_aa_w_product_03,0.6376029849052429,0.6383601756954612,0.6643313408084508,0.6486487984657288,0.6622,0.7210210400000001,"quark jet: = 2, L: 900 fb^-1, aa, w/ decay product",90,2026-03-18 16:35:07.575323
2162,1475,542,370,10000,10000,CWoLa,event-CNN,quark_jet_2_cut_eventCNN_L_300_aa_wo_product_case_5_06,0.6492065787315369,0.631578947368421,0.6350304178717463,0.6596324443817139,0.6699,0.73176401,"quark jet: = 2, L: 300 fb^-1, aa, w/o decay product",76,2026-03-18 16:35:34.030124
2162,1475,542,370,10000,10000,CWoLa,event-CNN,quark_jet_2_cut_eventCNN_L_300_aa_wo_product_case_5_07,0.6454011797904968,0.6392543859649122,0.6458611748279645,0.6499776244163513,0.6785,0.7366491850000001,"quark jet: = 2, L: 300 fb^-1, aa, w/o decay product",96,2026-03-18 16:37:10.473298
6492,4429,1624,1108,10000,10000,CWoLa,event-CNN,quark_jet_2_cut_eventCNN_L_900_aa_w_product_04,0.6459567546844482,0.6332357247437774,0.6502927099820384,0.6516287326812744,0.6737,0.73121808,"quark jet: = 2, L: 900 fb^-1, aa, w/ decay product",96,2026-03-18 16:37:41.560638
6492,4429,1624,1108,10000,10000,CWoLa,event-CNN,quark_jet_2_cut_eventCNN_L_900_aa_w_product_05,0.6587614417076111,0.6142020497803806,0.615024130372926,0.6532217264175415,0.6472,0.69714814,"quark jet: = 2, L: 900 fb^-1, aa, w/ decay product",36,2026-03-18 16:39:16.261843
2162,1475,542,370,10000,10000,CWoLa,event-CNN,quark_jet_2_cut_eventCNN_L_300_aa_wo_product_case_5_08,0.6473050713539124,0.6195175438596491,0.638929889298893,0.644497275352478,0.6727,0.7305373450000001,"quark jet: = 2, L: 300 fb^-1, aa, w/o decay product",77,2026-03-18 16:39:25.698916
2162,1475,542,370,10000,10000,CWoLa,event-CNN,quark_jet_2_cut_eventCNN_L_300_aa_wo_product_case_5_09,0.6625142693519592,0.6030701754385965,0.6043033808716466,0.6502059102058411,0.66335,0.72758227,"quark jet: = 2, L: 300 fb^-1, aa, w/o decay product",49,2026-03-18 16:41:01.623214
6492,4429,1624,1108,10000,10000,CWoLa,event-CNN,quark_jet_2_cut_eventCNN_L_900_aa_w_product_06,0.6419923305511475,0.633601756954612,0.6504813848233181,0.6504867076873779,0.66975,0.728962975,"quark jet: = 2, L: 900 fb^-1, aa, w/ decay product",83,2026-03-18 16:41:56.123886
2162,1475,542,370,10000,10000,CWoLa,event-CNN,quark_jet_2_cut_eventCNN_L_300_aa_wo_product_case_5_10,0.6577557325363159,0.6118421052631579,0.61409693826668,0.6592005491256714,0.6651,0.720406,"quark jet: = 2, L: 300 fb^-1, aa, w/o decay product",53,2026-03-18 16:43:00.038885
6492,4429,1624,1108,10000,10000,CWoLa,event-CNN,quark_jet_2_cut_eventCNN_L_900_aa_w_product_07,0.6415809392929077,0.6383601756954612,0.6536213343173695,0.6592919230461121,0.673,0.729885475,"quark jet: = 2, L: 900 fb^-1, aa, w/ decay product",63,2026-03-18 16:44:14.406966
6492,4429,1624,1108,10000,10000,CWoLa,event-CNN,quark_jet_2_cut_eventCNN_L_900_aa_wo_product_case_5_01,0.6412863731384277,0.6332357247437774,0.6530316907044156,0.6293821334838867,0.68805,0.74812209,"quark jet: = 2, L: 900 fb^-1, aa, w/o decay product",46,2026-03-18 16:44:36.352769
6492,4429,1624,1108,10000,10000,CWoLa,event-CNN,quark_jet_2_cut_eventCNN_L_900_aa_wo_product_case_5_02,0.6549822688102722,0.6218887262079063,0.617584161761306,0.6628335118293762,0.6601,0.713961305,"quark jet: = 2, L: 900 fb^-1, aa, w/o decay product",28,2026-03-18 16:45:52.177899
6492,4429,1624,1108,10000,10000,CWoLa,event-CNN,quark_jet_2_cut_eventCNN_L_900_aa_w_product_08,0.6508333086967468,0.6251830161054173,0.633394502142946,0.6331415772438049,0.68065,0.738852635,"quark jet: = 2, L: 900 fb^-1, aa, w/ decay product",60,2026-03-18 16:46:26.695330
6492,4429,1624,1108,10000,10000,CWoLa,event-CNN,quark_jet_2_cut_eventCNN_L_900_aa_wo_product_case_5_03,0.6368771195411682,0.640190336749634,0.6640251262648718,0.6525346040725708,0.6692,0.72633909,"quark jet: = 2, L: 900 fb^-1, aa, w/o decay product",64,2026-03-18 16:47:33.845073
6492,4429,1624,1108,10000,10000,CWoLa,event-CNN,quark_jet_2_cut_eventCNN_L_900_aa_w_product_09,0.6409927606582642,0.6255490483162518,0.6522430909996266,0.6393499374389648,0.6729,0.7334737200000001,"quark jet: = 2, L: 900 fb^-1, aa, w/ decay product",90,2026-03-18 16:49:16.371258
6492,4429,1624,1108,10000,10000,CWoLa,event-CNN,quark_jet_2_cut_eventCNN_L_900_aa_wo_product_case_5_04,0.6428043246269226,0.6259150805270863,0.6473069792463232,0.6399258375167847,0.6808,0.7366961999999999,"quark jet: = 2, L: 900 fb^-1, aa, w/o decay product",54,2026-03-18 16:49:22.430872
6492,4429,1624,1108,10000,10000,CWoLa,event-CNN,quark_jet_2_cut_eventCNN_L_900_aa_w_product_10,0.6561964154243469,0.6277452415812591,0.6173335215450552,0.6567283868789673,0.65625,0.7115035150000001,"quark jet: = 2, L: 900 fb^-1, aa, w/ decay product",32,2026-03-18 16:50:58.706154
6492,4429,1624,1108,10000,10000,CWoLa,event-CNN,quark_jet_2_cut_eventCNN_L_900_aa_wo_product_case_5_05,0.6370348930358887,0.6379941434846267,0.665753487844783,0.6342179775238037,0.67325,0.731845695,"quark jet: = 2, L: 900 fb^-1, aa, w/o decay product",75,2026-03-18 16:51:25.315299
6492,4429,1624,1108,10000,10000,CWoLa,event-CNN,quark_jet_2_cut_eventCNN_L_900_aa_wo_product_case_5_06,0.6382845044136047,0.6306734992679356,0.6580367146236062,0.647101104259491,0.67355,0.7356053,"quark jet: = 2, L: 900 fb^-1, aa, w/o decay product",49,2026-03-18 16:53:08.013902
12985,8860,3248,2216,10000,10000,CWoLa,event-CNN,quark_jet_2_cut_eventCNN_L_1800_aa_w_product_01,0.645740270614624,0.6169472913616398,0.6425981664917928,0.6511196494102478,0.6809,0.740457295,"quark jet: = 2, L: 1800 fb^-1, aa, w/ decay product",71,2026-03-18 16:54:28.570397
6492,4429,1624,1108,10000,10000,CWoLa,event-CNN,quark_jet_2_cut_eventCNN_L_900_aa_wo_product_case_5_07,0.636814296245575,0.636896046852123,0.6634768855257775,0.6331720352172852,0.6739,0.73428221,"quark jet: = 2, L: 900 fb^-1, aa, w/o decay product",55,2026-03-18 16:54:54.818110
6492,4429,1624,1108,10000,10000,CWoLa,event-CNN,quark_jet_2_cut_eventCNN_L_900_aa_wo_product_case_5_08,0.6445806622505188,0.6207906295754027,0.6527060251462716,0.6441567540168762,0.6741,0.734208285,"quark jet: = 2, L: 900 fb^-1, aa, w/o decay product",74,2026-03-18 16:56:58.441760
12985,8860,3248,2216,10000,10000,CWoLa,event-CNN,quark_jet_2_cut_eventCNN_L_1800_aa_w_product_02,0.6308635473251343,0.6434846266471449,0.6746671931407942,0.6520148515701294,0.6652,0.7184860049999999,"quark jet: = 2, L: 1800 fb^-1, aa, w/ decay product",88,2026-03-18 16:58:26.707559
6492,4429,1624,1108,10000,10000,CWoLa,event-CNN,quark_jet_2_cut_eventCNN_L_900_aa_wo_product_case_5_09,0.6396612524986267,0.6317715959004392,0.658734172431577,0.6308619976043701,0.675,0.737666905,"quark jet: = 2, L: 900 fb^-1, aa, w/o decay product",68,2026-03-18 16:58:48.778548
6492,4429,1624,1108,10000,10000,CWoLa,event-CNN,quark_jet_2_cut_eventCNN_L_900_aa_wo_product_case_5_10,0.6455715894699097,0.6299414348462665,0.6454658017819352,0.6464478373527527,0.6731,0.73391558,"quark jet: = 2, L: 900 fb^-1, aa, w/o decay product",63,2026-03-18 17:00:29.431629
12985,8860,3248,2216,10000,10000,CWoLa,event-CNN,quark_jet_2_cut_eventCNN_L_1800_aa_w_product_03,0.6358816623687744,0.638909224011713,0.6632827921875833,0.6451239585876465,0.6775,0.7370626800000001,"quark jet: = 2, L: 1800 fb^-1, aa, w/ decay product",68,2026-03-18 17:01:11.202458
12985,8860,3248,2216,10000,10000,CWoLa,event-CNN,quark_jet_2_cut_eventCNN_L_1800_aa_wo_product_case_5_01,0.638577401638031,0.6339677891654466,0.6627653257322473,0.6453062891960144,0.68345,0.742441735,"quark jet: = 2, L: 1800 fb^-1, aa, w/o decay product",74,2026-03-18 17:03:06.510517
12985,8860,3248,2216,10000,10000,CWoLa,event-CNN,quark_jet_2_cut_eventCNN_L_1800_aa_w_product_04,0.635619580745697,0.6312225475841874,0.6626389636054845,0.6521739959716797,0.67195,0.72892347,"quark jet: = 2, L: 1800 fb^-1, aa, w/ decay product",69,2026-03-18 17:03:57.286381
12985,8860,3248,2216,10000,10000,CWoLa,event-CNN,quark_jet_2_cut_eventCNN_L_1800_aa_wo_product_case_5_02,0.6314063668251038,0.6407393850658858,0.676888915811563,0.6388694643974304,0.6669,0.72435631,"quark jet: = 2, L: 1800 fb^-1, aa, w/o decay product",67,2026-03-18 17:05:39.865773
12985,8860,3248,2216,10000,10000,CWoLa,event-CNN,quark_jet_2_cut_eventCNN_L_1800_aa_w_product_05,0.6430153250694275,0.6244509516837482,0.6521023490156674,0.6420997381210327,0.67525,0.73427763,"quark jet: = 2, L: 1800 fb^-1, aa, w/ decay product",84,2026-03-18 17:07:11.202326
12985,8860,3248,2216,10000,10000,CWoLa,event-CNN,quark_jet_2_cut_eventCNN_L_1800_aa_wo_product_case_5_03,0.6382151246070862,0.6475109809663251,0.6710713257589229,0.6325128674507141,0.6676,0.718699765,"quark jet: = 2, L: 1800 fb^-1, aa, w/o decay product",67,2026-03-18 17:08:09.149352
12985,8860,3248,2216,10000,10000,CWoLa,event-CNN,quark_jet_2_cut_eventCNN_L_1800_aa_w_product_06,0.6412060856819153,0.6306734992679356,0.6492179719594174,0.635792076587677,0.6886,0.75022333,"quark jet: = 2, L: 1800 fb^-1, aa, w/ decay product",54,2026-03-18 17:09:36.746759
12985,8860,3248,2216,10000,10000,CWoLa,event-CNN,quark_jet_2_cut_eventCNN_L_1800_aa_wo_product_case_5_04,0.6298425793647766,0.6440336749633968,0.6770181261226015,0.6445934772491455,0.67575,0.730874625,"quark jet: = 2, L: 1800 fb^-1, aa, w/o decay product",70,2026-03-18 17:10:48.277524
12985,8860,3248,2216,10000,10000,CWoLa,event-CNN,quark_jet_2_cut_eventCNN_L_1800_aa_w_product_07,0.6434668898582458,0.6271961932650073,0.6516146148254521,0.6508218050003052,0.6816,0.74178845,"quark jet: = 2, L: 1800 fb^-1, aa, w/ decay product",79,2026-03-18 17:12:36.303292
12985,8860,3248,2216,10000,10000,CWoLa,event-CNN,quark_jet_2_cut_eventCNN_L_1800_aa_wo_product_case_5_05,0.6410530209541321,0.628294289897511,0.6560301340675072,0.6400253772735596,0.68365,0.74449698,"quark jet: = 2, L: 1800 fb^-1, aa, w/o decay product",55,2026-03-18 17:13:03.758825
12985,8860,3248,2216,10000,10000,CWoLa,event-CNN,quark_jet_2_cut_eventCNN_L_1800_aa_wo_product_case_5_06,0.6337576508522034,0.6420204978038068,0.6655290370302858,0.6475338339805603,0.67705,0.737514615,"quark jet: = 2, L: 1800 fb^-1, aa, w/o decay product",61,2026-03-18 17:15:24.439556
12985,8860,3248,2216,10000,10000,CWoLa,event-CNN,quark_jet_2_cut_eventCNN_L_1800_aa_w_product_08,0.6391041874885559,0.6343338213762811,0.6616646067116003,0.6356251239776611,0.6782,0.7397874149999999,"quark jet: = 2, L: 1800 fb^-1, aa, w/ decay product",83,2026-03-18 17:15:42.530184
12985,8860,3248,2216,10000,10000,CWoLa,event-CNN,quark_jet_2_cut_eventCNN_L_1800_aa_w_product_09,0.652928352355957,0.6158491947291361,0.6300007169088226,0.6279310584068298,0.6851,0.747102,"quark jet: = 2, L: 1800 fb^-1, aa, w/ decay product",42,2026-03-18 17:17:51.089186
12985,8860,3248,2216,10000,10000,CWoLa,event-CNN,quark_jet_2_cut_eventCNN_L_1800_aa_wo_product_case_5_07,0.6352866291999817,0.638177159590044,0.6722713144217602,0.6406782865524292,0.6739,0.728373895,"quark jet: = 2, L: 1800 fb^-1, aa, w/o decay product",80,2026-03-18 17:18:01.484657
12985,8860,3248,2216,10000,10000,CWoLa,event-CNN,quark_jet_2_cut_eventCNN_L_1800_aa_wo_product_case_5_08,0.6305044293403625,0.6427525622254758,0.6795223053120165,0.6351805925369263,0.67895,0.73891849,"quark jet: = 2, L: 1800 fb^-1, aa, w/o decay product",69,2026-03-18 17:20:32.815467
12985,8860,3248,2216,10000,10000,CWoLa,event-CNN,quark_jet_2_cut_eventCNN_L_1800_aa_w_product_10,0.6387910842895508,0.6312225475841874,0.6640501347121694,0.6549949645996094,0.67015,0.727713495,"quark jet: = 2, L: 1800 fb^-1, aa, w/ decay product",79,2026-03-18 17:21:01.610760
12985,8860,3248,2216,10000,10000,CWoLa,event-CNN,quark_jet_2_cut_eventCNN_L_1800_aa_wo_product_case_5_09,0.6376444697380066,0.6303074670571011,0.6565101573198058,0.6402967572212219,0.6849,0.7464422900000001,"quark jet: = 2, L: 1800 fb^-1, aa, w/o decay product",54,2026-03-18 17:22:39.378678
21644,14768,5412,3693,10000,10000,CWoLa,event-CNN,quark_jet_2_cut_eventCNN_L_3000_aa_w_product_01,0.6383033394813538,0.628775398132894,0.6591656344707602,0.6399907469749451,0.6853,0.7424972699999999,"quark jet: = 2, L: 3000 fb^-1, aa, w/ decay product",61,2026-03-18 17:24:37.856106
12985,8860,3248,2216,10000,10000,CWoLa,event-CNN,quark_jet_2_cut_eventCNN_L_1800_aa_wo_product_case_5_10,0.6313846707344055,0.635614934114202,0.6740906094947627,0.6328142285346985,0.6748,0.7296533949999999,"quark jet: = 2, L: 1800 fb^-1, aa, w/o decay product",62,2026-03-18 17:24:57.416872
21644,14768,5412,3693,10000,10000,CWoLa,event-CNN,quark_jet_2_cut_eventCNN_L_3000_aa_wo_product_case_5_01,0.6293565034866333,0.6338275672707304,0.6709629632298095,0.6426844000816345,0.6803,0.7378669649999999,"quark jet: = 2, L: 3000 fb^-1, aa, w/o decay product",57,2026-03-18 17:28:02.075648
21644,14768,5412,3693,10000,10000,CWoLa,event-CNN,quark_jet_2_cut_eventCNN_L_3000_aa_w_product_02,0.6274293065071106,0.6395387149917627,0.6748353239754243,0.6372578740119934,0.68605,0.7444930900000001,"quark jet: = 2, L: 3000 fb^-1, aa, w/ decay product",64,2026-03-18 17:28:34.419726
21644,14768,5412,3693,10000,10000,CWoLa,event-CNN,quark_jet_2_cut_eventCNN_L_3000_aa_wo_product_case_5_02,0.6303993463516235,0.6350356946732565,0.6720259048650601,0.6461369395256042,0.681,0.734579475,"quark jet: = 2, L: 3000 fb^-1, aa, w/o decay product",67,2026-03-18 17:31:30.777260
21644,14768,5412,3693,10000,10000,CWoLa,event-CNN,quark_jet_2_cut_eventCNN_L_3000_aa_w_product_03,0.6298784613609314,0.6447007138934652,0.6833186184125337,0.6440607905387878,0.66965,0.7232940550000001,"quark jet: = 2, L: 3000 fb^-1, aa, w/ decay product",87,2026-03-18 17:33:22.223655
21644,14768,5412,3693,10000,10000,CWoLa,event-CNN,quark_jet_2_cut_eventCNN_L_3000_aa_wo_product_case_5_03,0.6242355108261108,0.6479956068094453,0.6865400653120334,0.634048342704773,0.6747,0.726658325,"quark jet: = 2, L: 3000 fb^-1, aa, w/o decay product",66,2026-03-18 17:35:01.678055
21644,14768,5412,3693,10000,10000,CWoLa,event-CNN,quark_jet_2_cut_eventCNN_L_3000_aa_w_product_04,0.6323760151863098,0.6441515650741351,0.6746304108229768,0.6444094777107239,0.664,0.7146634,"quark jet: = 2, L: 3000 fb^-1, aa, w/ decay product",91,2026-03-18 17:38:16.560274
21644,14768,5412,3693,10000,10000,CWoLa,event-CNN,quark_jet_2_cut_eventCNN_L_3000_aa_wo_product_case_5_04,0.6321313977241516,0.6479956068094453,0.6792407941434115,0.6657964587211609,0.67005,0.720800755,"quark jet: = 2, L: 3000 fb^-1, aa, w/o decay product",66,2026-03-18 17:38:30.478259
21644,14768,5412,3693,10000,10000,CWoLa,event-CNN,quark_jet_2_cut_eventCNN_L_3000_aa_w_product_05,0.6403104662895203,0.6344865458539264,0.6597658141118742,0.6386021971702576,0.68325,0.7413089249999999,"quark jet: = 2, L: 3000 fb^-1, aa, w/ decay product",61,2026-03-18 17:41:48.766261
21644,14768,5412,3693,10000,10000,CWoLa,event-CNN,quark_jet_2_cut_eventCNN_L_3000_aa_wo_product_case_5_05,0.633517324924469,0.6392092257001647,0.6748756261471484,0.6328685283660889,0.67455,0.728027245,"quark jet: = 2, L: 3000 fb^-1, aa, w/o decay product",64,2026-03-18 17:41:49.273201
21644,14768,5412,3693,10000,10000,CWoLa,event-CNN,quark_jet_2_cut_eventCNN_L_3000_aa_wo_product_case_5_06,0.6264554858207703,0.6443712246018671,0.6790510412119851,0.6470226645469666,0.6882,0.748570235,"quark jet: = 2, L: 3000 fb^-1, aa, w/o decay product",68,2026-03-18 17:45:26.587960
21644,14768,5412,3693,10000,10000,CWoLa,event-CNN,quark_jet_2_cut_eventCNN_L_3000_aa_w_product_06,0.6301860809326172,0.6409665019220209,0.6762043970044603,0.6407673358917236,0.68975,0.7504234000000001,"quark jet: = 2, L: 3000 fb^-1, aa, w/ decay product",77,2026-03-18 17:46:03.958523
21644,14768,5412,3693,10000,10000,CWoLa,event-CNN,quark_jet_2_cut_eventCNN_L_3000_aa_wo_product_case_5_07,0.6254639029502869,0.6490939044481054,0.6832892486114138,0.6278627514839172,0.6861,0.7414518849999999,"quark jet: = 2, L: 3000 fb^-1, aa, w/o decay product",55,2026-03-18 17:48:27.496240
21644,14768,5412,3693,10000,10000,CWoLa,event-CNN,quark_jet_2_cut_eventCNN_L_3000_aa_w_product_07,0.6284445524215698,0.6444810543657331,0.6815710151784332,0.6433479189872742,0.6788,0.7323428800000001,"quark jet: = 2, L: 3000 fb^-1, aa, w/ decay product",73,2026-03-18 17:50:12.185835
21644,14768,5412,3693,10000,10000,CWoLa,event-CNN,quark_jet_2_cut_eventCNN_L_3000_aa_wo_product_case_5_08,0.6332688331604004,0.6410763316858868,0.6721625469891801,0.6477392315864563,0.68125,0.739554995,"quark jet: = 2, L: 3000 fb^-1, aa, w/o decay product",69,2026-03-18 17:51:57.845330
21644,14768,5412,3693,10000,10000,CWoLa,event-CNN,quark_jet_2_cut_eventCNN_L_3000_aa_w_product_08,0.652581512928009,0.6131795716639209,0.6264781215495486,0.6516085863113403,0.69035,0.7517394649999999,"quark jet: = 2, L: 3000 fb^-1, aa, w/ decay product",36,2026-03-18 17:52:45.300908
21644,14768,5412,3693,10000,10000,CWoLa,event-CNN,quark_jet_2_cut_eventCNN_L_3000_aa_wo_product_case_5_09,0.6269283294677734,0.6451400329489292,0.678825188942385,0.6554465889930725,0.6731,0.73005972,"quark jet: = 2, L: 3000 fb^-1, aa, w/o decay product",58,2026-03-18 17:55:05.382033
21644,14768,5412,3693,10000,10000,CWoLa,event-CNN,quark_jet_2_cut_eventCNN_L_3000_aa_w_product_09,0.6274564266204834,0.6503020318506315,0.6803076884435487,0.6461319327354431,0.67925,0.7386042999999999,"quark jet: = 2, L: 3000 fb^-1, aa, w/ decay product",71,2026-03-18 17:56:53.529427
21644,14768,5412,3693,10000,10000,CWoLa,event-CNN,quark_jet_2_cut_eventCNN_L_3000_aa_wo_product_case_5_10,0.6270151734352112,0.6443712246018671,0.6788765735859117,0.6319676637649536,0.6762,0.735488385,"quark jet: = 2, L: 3000 fb^-1, aa, w/o decay product",50,2026-03-18 17:57:53.712911
21644,14768,5412,3693,10000,10000,CWoLa,event-CNN,quark_jet_2_cut_eventCNN_L_3000_aa_w_product_10,0.6263850927352905,0.6532674354750138,0.6843741050216057,0.6450099945068359,0.6754,0.725589,"quark jet: = 2, L: 3000 fb^-1, aa, w/ decay product",82,2026-03-18 18:01:38.120080
4320,2946,1080,744,10000,10000,CWoLa,event-CNN,quark_jet_2_cut_eventCNN_L_100_aa_wo_product_case_5_phi_aug_5_01,0.6466439366340637,0.6304824561403509,0.6426709976105137,0.6503570079803467,0.6809,0.734418665,"quark jet: = 2, L: 100 fb^-1, aa, w/o decay product, phi shifting: +5",38,2026-03-18 18:02:51.987978
4320,2946,1080,744,10000,10000,CWoLa,event-CNN,quark_jet_2_cut_eventCNN_L_100_aa_wo_product_case_5_phi_aug_5_02,0.6411414742469788,0.6551535087719298,0.6548884906411788,0.6654661297798157,0.6547,0.705610865,"quark jet: = 2, L: 100 fb^-1, aa, w/o decay product, phi shifting: +5",34,2026-03-18 18:11:29.158091
4320,2946,1080,744,10000,10000,CWoLa,event-CNN,quark_jet_2_cut_eventCNN_L_100_aa_w_product_phi_aug_5_01,0.6622341871261597,0.6052631578947368,0.6056526284348865,0.6652239561080933,0.6217,0.66476299,"quark jet: = 2, L: 100 fb^-1, aa, w/ decay product, phi shifting: +5",36,2026-03-18 18:11:47.129949
4320,2946,1080,744,10000,10000,CWoLa,event-CNN,quark_jet_2_cut_eventCNN_L_100_aa_wo_product_case_5_phi_aug_5_03,0.6398805975914001,0.6524122807017544,0.6678701214655516,0.6396363377571106,0.67095,0.7303874599999999,"quark jet: = 2, L: 100 fb^-1, aa, w/o decay product, phi shifting: +5",49,2026-03-18 18:13:16.363361
4320,2946,1080,744,10000,10000,CWoLa,event-CNN,quark_jet_2_cut_eventCNN_L_100_aa_wo_product_case_5_phi_aug_5_04,0.6474444270133972,0.631578947368421,0.6457549283154121,0.6531985402107239,0.64845,0.699156245,"quark jet: = 2, L: 100 fb^-1, aa, w/o decay product, phi shifting: +5",33,2026-03-18 18:14:57.538759
4320,2946,1080,744,10000,10000,CWoLa,event-CNN,quark_jet_2_cut_eventCNN_L_100_aa_w_product_phi_aug_5_02,0.6556858420372009,0.6145833333333334,0.6216161389884508,0.6704819798469543,0.61925,0.6606128299999999,"quark jet: = 2, L: 100 fb^-1, aa, w/ decay product, phi shifting: +5",42,2026-03-18 18:15:10.081466
4320,2946,1080,744,10000,10000,CWoLa,event-CNN,quark_jet_2_cut_eventCNN_L_100_aa_wo_product_case_5_phi_aug_5_05,0.6777750849723816,0.6162280701754386,0.5502065909996017,0.657693088054657,0.6461,0.69461928,"quark jet: = 2, L: 100 fb^-1, aa, w/o decay product, phi shifting: +5",30,2026-03-18 18:16:36.557914
4320,2946,1080,744,10000,10000,CWoLa,event-CNN,quark_jet_2_cut_eventCNN_L_100_aa_w_product_phi_aug_5_03,0.6497583985328674,0.6189692982456141,0.6432229440461967,0.6603057384490967,0.6555,0.7120692399999999,"quark jet: = 2, L: 100 fb^-1, aa, w/ decay product, phi shifting: +5",52,2026-03-18 18:18:11.011352
4320,2946,1080,744,10000,10000,CWoLa,event-CNN,quark_jet_2_cut_eventCNN_L_100_aa_wo_product_case_5_phi_aug_5_06,0.6344407200813293,0.6408991228070176,0.6696585025886101,0.6692713499069214,0.65165,0.70411808,"quark jet: = 2, L: 100 fb^-1, aa, w/o decay product, phi shifting: +5",63,2026-03-18 18:18:50.414768
4320,2946,1080,744,10000,10000,CWoLa,event-CNN,quark_jet_2_cut_eventCNN_L_100_aa_w_product_phi_aug_5_04,0.654236376285553,0.6277412280701754,0.6251082735961767,0.6647856831550598,0.6367,0.68654211,"quark jet: = 2, L: 100 fb^-1, aa, w/ decay product, phi shifting: +5",45,2026-03-18 18:20:35.088435
4320,2946,1080,744,10000,10000,CWoLa,event-CNN,quark_jet_2_cut_eventCNN_L_100_aa_wo_product_case_5_phi_aug_5_07,0.6583234667778015,0.6222587719298246,0.6144812823576264,0.6452540755271912,0.67015,0.7260423549999999,"quark jet: = 2, L: 100 fb^-1, aa, w/o decay product, phi shifting: +5",46,2026-03-18 18:20:37.215544
4320,2946,1080,744,10000,10000,CWoLa,event-CNN,quark_jet_2_cut_eventCNN_L_100_aa_wo_product_case_5_phi_aug_5_08,0.6449089050292969,0.6321271929824561,0.6419317502986859,0.6663139462471008,0.63715,0.6836477999999999,"quark jet: = 2, L: 100 fb^-1, aa, w/o decay product, phi shifting: +5",62,2026-03-18 18:22:33.399481
4320,2946,1080,744,10000,10000,CWoLa,event-CNN,quark_jet_2_cut_eventCNN_L_100_aa_w_product_phi_aug_5_05,0.6723484992980957,0.5915570175438597,0.5588099860613301,0.6911633014678955,0.6079,0.6460909949999999,"quark jet: = 2, L: 100 fb^-1, aa, w/ decay product, phi shifting: +5",37,2026-03-18 18:23:11.086132
4320,2946,1080,744,10000,10000,CWoLa,event-CNN,quark_jet_2_cut_eventCNN_L_100_aa_wo_product_case_5_phi_aug_5_09,0.6636974215507507,0.6206140350877193,0.6127177917164477,0.6429706811904907,0.6664,0.7208732649999999,"quark jet: = 2, L: 100 fb^-1, aa, w/o decay product, phi shifting: +5",37,2026-03-18 18:24:09.501214
4320,2946,1080,744,10000,10000,CWoLa,event-CNN,quark_jet_2_cut_eventCNN_L_100_aa_wo_product_case_5_phi_aug_5_10,0.6673619747161865,0.5948464912280702,0.5993217343687774,0.6533695459365845,0.6674,0.7205476149999999,"quark jet: = 2, L: 100 fb^-1, aa, w/o decay product, phi shifting: +5",32,2026-03-18 18:25:44.325385
4320,2946,1080,744,10000,10000,CWoLa,event-CNN,quark_jet_2_cut_eventCNN_L_100_aa_w_product_phi_aug_5_06,0.6351683735847473,0.6458333333333334,0.6667400935882118,0.6683107614517212,0.63915,0.6877970849999999,"quark jet: = 2, L: 100 fb^-1, aa, w/ decay product, phi shifting: +5",46,2026-03-18 18:25:56.648688
4320,2946,1080,744,10000,10000,CWoLa,event-CNN,quark_jet_2_cut_eventCNN_L_100_aa_w_product_phi_aug_5_07,0.6586645841598511,0.6304824561403509,0.6176548187972919,0.6694557666778564,0.6134,0.65469815,"quark jet: = 2, L: 100 fb^-1, aa, w/ decay product, phi shifting: +5",35,2026-03-18 18:28:24.305938
7920,5401,1980,1364,10000,10000,CWoLa,event-CNN,quark_jet_2_cut_eventCNN_L_100_aa_wo_product_case_5_phi_aug_10_01,0.6432164907455444,0.6405502392344498,0.6533813205367458,0.6497852802276611,0.67405,0.7265448849999999,"quark jet: = 2, L: 100 fb^-1, aa, w/o decay product, phi shifting: +10",29,2026-03-18 18:30:45.638224
4320,2946,1080,744,10000,10000,CWoLa,event-CNN,quark_jet_2_cut_eventCNN_L_100_aa_w_product_phi_aug_5_08,0.6348630785942078,0.6452850877192983,0.6673436877737953,0.6659146547317505,0.63905,0.687298305,"quark jet: = 2, L: 100 fb^-1, aa, w/ decay product, phi shifting: +5",40,2026-03-18 18:30:52.860979
4320,2946,1080,744,10000,10000,CWoLa,event-CNN,quark_jet_2_cut_eventCNN_L_100_aa_w_product_phi_aug_5_09,0.6663399338722229,0.6008771929824561,0.601757268020709,0.6660762429237366,0.62045,0.663159685,"quark jet: = 2, L: 100 fb^-1, aa, w/ decay product, phi shifting: +5",39,2026-03-18 18:32:53.262686
7920,5401,1980,1364,10000,10000,CWoLa,event-CNN,quark_jet_2_cut_eventCNN_L_100_aa_wo_product_case_5_phi_aug_10_02,0.6393568515777588,0.646232057416268,0.6699380165289255,0.6484742760658264,0.6528,0.7023826599999998,"quark jet: = 2, L: 100 fb^-1, aa, w/o decay product, phi shifting: +10",48,2026-03-18 18:34:10.098043
4320,2946,1080,744,10000,10000,CWoLa,event-CNN,quark_jet_2_cut_eventCNN_L_100_aa_w_product_phi_aug_5_10,0.6852434277534485,0.5915570175438597,0.5589468837116687,0.6676449179649353,0.63775,0.686770895,"quark jet: = 2, L: 100 fb^-1, aa, w/ decay product, phi shifting: +5",38,2026-03-18 18:34:40.268226
7920,5401,1980,1364,10000,10000,CWoLa,event-CNN,quark_jet_2_cut_eventCNN_L_100_aa_wo_product_case_5_phi_aug_10_03,0.6436821818351746,0.6363636363636364,0.6513407535768239,0.6358784437179565,0.6788,0.739169575,"quark jet: = 2, L: 100 fb^-1, aa, w/o decay product, phi shifting: +10",31,2026-03-18 18:36:17.749391
7920,5401,1980,1364,10000,10000,CWoLa,event-CNN,quark_jet_2_cut_eventCNN_L_100_aa_wo_product_case_5_phi_aug_10_04,0.652044415473938,0.6324760765550239,0.64143413608223,0.6377562880516052,0.65935,0.712899985,"quark jet: = 2, L: 100 fb^-1, aa, w/o decay product, phi shifting: +10",34,2026-03-18 18:39:14.335835
7920,5401,1980,1364,10000,10000,CWoLa,event-CNN,quark_jet_2_cut_eventCNN_L_100_aa_w_product_phi_aug_10_01,0.6522502303123474,0.6208133971291866,0.6338680055688855,0.6429926156997681,0.6704,0.72266352,"quark jet: = 2, L: 100 fb^-1, aa, w/ decay product, phi shifting: +10",51,2026-03-18 18:40:56.541405
7920,5401,1980,1364,10000,10000,CWoLa,event-CNN,quark_jet_2_cut_eventCNN_L_100_aa_wo_product_case_5_phi_aug_10_05,0.6775195598602295,0.603767942583732,0.5620486388814835,0.6476174592971802,0.66665,0.722247535,"quark jet: = 2, L: 100 fb^-1, aa, w/o decay product, phi shifting: +10",30,2026-03-18 18:41:21.609103
7920,5401,1980,1364,10000,10000,CWoLa,event-CNN,quark_jet_2_cut_eventCNN_L_100_aa_wo_product_case_5_phi_aug_10_06,0.6319035887718201,0.6432416267942583,0.6743035190615836,0.6615642309188843,0.6667,0.7196448000000001,"quark jet: = 2, L: 100 fb^-1, aa, w/o decay product, phi shifting: +10",43,2026-03-18 18:44:04.907341
7920,5401,1980,1364,10000,10000,CWoLa,event-CNN,quark_jet_2_cut_eventCNN_L_100_aa_w_product_phi_aug_10_02,0.6584150195121765,0.624700956937799,0.6332141058680648,0.6637237071990967,0.63825,0.6856082099999999,"quark jet: = 2, L: 100 fb^-1, aa, w/ decay product, phi shifting: +10",47,2026-03-18 18:49:01.556652
7920,5401,1980,1364,10000,10000,CWoLa,event-CNN,quark_jet_2_cut_eventCNN_L_100_aa_wo_product_case_5_phi_aug_10_07,0.653390109539032,0.624700956937799,0.6210510530525193,0.6583975553512573,0.66595,0.72131466,"quark jet: = 2, L: 100 fb^-1, aa, w/o decay product, phi shifting: +10",27,2026-03-18 18:54:01.871728
7920,5401,1980,1364,10000,10000,CWoLa,event-CNN,quark_jet_2_cut_eventCNN_L_100_aa_w_product_phi_aug_10_03,0.6466704607009888,0.6142344497607656,0.6426127106845583,0.654319167137146,0.66745,0.7237575099999999,"quark jet: = 2, L: 100 fb^-1, aa, w/ decay product, phi shifting: +10",57,2026-03-18 19:04:06.405855
7920,5401,1980,1364,10000,10000,CWoLa,event-CNN,quark_jet_2_cut_eventCNN_L_100_aa_wo_product_case_5_phi_aug_10_08,0.6503052711486816,0.6309808612440191,0.6463230175656862,0.6726975440979004,0.63465,0.67618646,"quark jet: = 2, L: 100 fb^-1, aa, w/o decay product, phi shifting: +10",26,2026-03-18 19:17:07.297569
7920,5401,1980,1364,10000,10000,CWoLa,event-CNN,quark_jet_2_cut_eventCNN_L_100_aa_w_product_phi_aug_10_04,0.6630411744117737,0.604066985645933,0.6020016884386385,0.6887800693511963,0.6254,0.6721279450000001,"quark jet: = 2, L: 100 fb^-1, aa, w/ decay product, phi shifting: +10",35,2026-03-18 19:32:46.886486
7920,5401,1980,1364,10000,10000,CWoLa,event-CNN,quark_jet_2_cut_eventCNN_L_100_aa_wo_product_case_5_phi_aug_10_09,0.6585860252380371,0.6232057416267942,0.6231749311294765,0.6497523188591003,0.6657,0.719925255,"quark jet: = 2, L: 100 fb^-1, aa, w/o decay product, phi shifting: +10",42,2026-03-18 19:46:15.867977
7920,5401,1980,1364,10000,10000,CWoLa,event-CNN,quark_jet_2_cut_eventCNN_L_100_aa_w_product_phi_aug_10_05,0.6709862947463989,0.5918062200956937,0.5618051852839243,0.692693829536438,0.6051,0.6389538100000001,"quark jet: = 2, L: 100 fb^-1, aa, w/ decay product, phi shifting: +10",29,2026-03-18 20:05:09.287155
7920,5401,1980,1364,10000,10000,CWoLa,event-CNN,quark_jet_2_cut_eventCNN_L_100_aa_wo_product_case_5_phi_aug_10_10,0.6765133738517761,0.5918062200956937,0.5381314982671288,0.6757736802101135,0.63865,0.68767777,"quark jet: = 2, L: 100 fb^-1, aa, w/o decay product, phi shifting: +10",27,2026-03-18 20:09:52.840898
12972,8850,3252,2220,10000,10000,CWoLa,event-CNN,quark_jet_2_cut_eventCNN_L_300_aa_wo_product_case_5_phi_aug_5_01,0.6442810893058777,0.6218932748538012,0.6526549843201135,0.6318451166152954,0.66425,0.72354009,"quark jet: = 2, L: 300 fb^-1, aa, w/o decay product, phi shifting: +5",43,2026-03-18 20:22:43.075742
7920,5401,1980,1364,10000,10000,CWoLa,event-CNN,quark_jet_2_cut_eventCNN_L_100_aa_w_product_phi_aug_10_06,0.6373775005340576,0.6444377990430622,0.6662593678722711,0.6640176177024841,0.6491,0.70112677,"quark jet: = 2, L: 100 fb^-1, aa, w/ decay product, phi shifting: +10",64,2026-03-18 20:28:59.826822
12972,8850,3252,2220,10000,10000,CWoLa,event-CNN,quark_jet_2_cut_eventCNN_L_300_aa_wo_product_case_5_phi_aug_5_02,0.6467148065567017,0.6162280701754386,0.6461735951818977,0.6414169669151306,0.6598,0.715656915,"quark jet: = 2, L: 300 fb^-1, aa, w/o decay product, phi shifting: +5",34,2026-03-18 20:32:44.168152
12972,8850,3252,2220,10000,10000,CWoLa,event-CNN,quark_jet_2_cut_eventCNN_L_300_aa_wo_product_case_5_phi_aug_5_03,0.6585689783096313,0.6193347953216374,0.6240461864078101,0.6331801414489746,0.68,0.73642745,"quark jet: = 2, L: 300 fb^-1, aa, w/o decay product, phi shifting: +5",29,2026-03-18 20:48:41.844670
7920,5401,1980,1364,10000,10000,CWoLa,event-CNN,quark_jet_2_cut_eventCNN_L_100_aa_w_product_phi_aug_10_07,0.6605237126350403,0.6169258373205742,0.6153251725465801,0.6471849083900452,0.65085,0.7028659849999999,"quark jet: = 2, L: 100 fb^-1, aa, w/ decay product, phi shifting: +10",38,2026-03-18 20:50:53.600050
12972,8850,3252,2220,10000,10000,CWoLa,event-CNN,quark_jet_2_cut_eventCNN_L_300_aa_wo_product_case_5_phi_aug_5_04,0.6373959183692932,0.6489400584795322,0.6659415411721685,0.6413432359695435,0.66575,0.7224893099999999,"quark jet: = 2, L: 300 fb^-1, aa, w/o decay product, phi shifting: +5",44,2026-03-18 20:57:03.853208
12972,8850,3252,2220,10000,10000,CWoLa,event-CNN,quark_jet_2_cut_eventCNN_L_300_aa_wo_product_case_5_phi_aug_5_05,0.6326563954353333,0.6509502923976608,0.673523084893011,0.6547340750694275,0.6611,0.71749695,"quark jet: = 2, L: 300 fb^-1, aa, w/o decay product, phi shifting: +5",43,2026-03-18 21:06:39.686020
7920,5401,1980,1364,10000,10000,CWoLa,event-CNN,quark_jet_2_cut_eventCNN_L_100_aa_w_product_phi_aug_10_08,0.6386743783950806,0.6375598086124402,0.6648664059954383,0.6559324860572815,0.63165,0.674755655,"quark jet: = 2, L: 100 fb^-1, aa, w/ decay product, phi shifting: +10",40,2026-03-18 21:10:20.884007
12972,8850,3252,2220,10000,10000,CWoLa,event-CNN,quark_jet_2_cut_eventCNN_L_300_aa_wo_product_case_5_phi_aug_5_06,0.6502308249473572,0.6326754385964912,0.6330306782797557,0.6679231524467468,0.67005,0.72420023,"quark jet: = 2, L: 300 fb^-1, aa, w/o decay product, phi shifting: +5",28,2026-03-18 21:11:06.136378
12972,8850,3252,2220,10000,10000,CWoLa,event-CNN,quark_jet_2_cut_eventCNN_L_300_aa_wo_product_case_5_phi_aug_5_07,0.6387894153594971,0.6421783625730995,0.6602567512161608,0.6473994851112366,0.66735,0.7248959500000001,"quark jet: = 2, L: 300 fb^-1, aa, w/o decay product, phi shifting: +5",43,2026-03-18 21:17:19.979381
12972,8850,3252,2220,10000,10000,CWoLa,event-CNN,quark_jet_2_cut_eventCNN_L_300_aa_wo_product_case_5_phi_aug_5_08,0.6429330706596375,0.618421052631579,0.6471472856620459,0.6338145732879639,0.66085,0.72028713,"quark jet: = 2, L: 300 fb^-1, aa, w/o decay product, phi shifting: +5",41,2026-03-18 21:24:51.356817
7920,5401,1980,1364,10000,10000,CWoLa,event-CNN,quark_jet_2_cut_eventCNN_L_100_aa_w_product_phi_aug_10_09,0.6675106883049011,0.6115430622009569,0.6038043558754702,0.6632199883460999,0.6289,0.6705232999999999,"quark jet: = 2, L: 100 fb^-1, aa, w/ decay product, phi shifting: +10",41,2026-03-18 21:26:40.510003
12972,8850,3252,2220,10000,10000,CWoLa,event-CNN,quark_jet_2_cut_eventCNN_L_300_aa_wo_product_case_5_phi_aug_5_09,0.656524658203125,0.6101973684210527,0.6338847611449088,0.6397997140884399,0.6624,0.716812325,"quark jet: = 2, L: 300 fb^-1, aa, w/o decay product, phi shifting: +5",44,2026-03-18 21:34:13.232609
7920,5401,1980,1364,10000,10000,CWoLa,event-CNN,quark_jet_2_cut_eventCNN_L_100_aa_w_product_phi_aug_10_10,0.6831606030464172,0.5918062200956937,0.5532500592434609,0.6573762893676758,0.63365,0.6822887249999999,"quark jet: = 2, L: 100 fb^-1, aa, w/ decay product, phi shifting: +10",40,2026-03-18 21:47:28.596984
12972,8850,3252,2220,10000,10000,CWoLa,event-CNN,quark_jet_2_cut_eventCNN_L_300_aa_wo_product_case_5_phi_aug_5_10,0.6555588245391846,0.6239035087719298,0.6403609559744246,0.6630910634994507,0.67555,0.730540175,"quark jet: = 2, L: 300 fb^-1, aa, w/o decay product, phi shifting: +5",45,2026-03-18 21:47:52.725339
12972,8850,3252,2220,10000,10000,CWoLa,event-CNN,quark_jet_2_cut_eventCNN_L_300_aa_w_product_phi_aug_5_01,0.6415195465087891,0.6301169590643275,0.6542932692840442,0.652863621711731,0.66495,0.722778265,"quark jet: = 2, L: 300 fb^-1, aa, w/ decay product, phi shifting: +5",39,2026-03-18 22:06:17.198128
23782,16225,5962,4070,10000,10000,CWoLa,event-CNN,quark_jet_2_cut_eventCNN_L_300_aa_wo_product_case_5_phi_aug_10_01,0.6423562169075012,0.6257974481658692,0.6516051701727649,0.655758261680603,0.6595,0.717339045,"quark jet: = 2, L: 300 fb^-1, aa, w/o decay product, phi shifting: +10",32,2026-03-18 22:07:34.188954
12972,8850,3252,2220,10000,10000,CWoLa,event-CNN,quark_jet_2_cut_eventCNN_L_300_aa_w_product_phi_aug_5_02,0.648644745349884,0.6180555555555556,0.6464801286526379,0.6564897298812866,0.6719,0.72664448,"quark jet: = 2, L: 300 fb^-1, aa, w/ decay product, phi shifting: +5",49,2026-03-18 22:16:34.388607
23782,16225,5962,4070,10000,10000,CWoLa,event-CNN,quark_jet_2_cut_eventCNN_L_300_aa_wo_product_case_5_phi_aug_10_02,0.6444239020347595,0.625299043062201,0.6540050747279865,0.6588155627250671,0.6577,0.714659135,"quark jet: = 2, L: 300 fb^-1, aa, w/o decay product, phi shifting: +10",33,2026-03-18 22:18:39.895595
12972,8850,3252,2220,10000,10000,CWoLa,event-CNN,quark_jet_2_cut_eventCNN_L_300_aa_w_product_phi_aug_5_03,0.656198263168335,0.6197002923976608,0.629585951264918,0.6493715643882751,0.67115,0.7289405050000001,"quark jet: = 2, L: 300 fb^-1, aa, w/ decay product, phi shifting: +5",51,2026-03-18 22:19:24.738648
23782,16225,5962,4070,10000,10000,CWoLa,event-CNN,quark_jet_2_cut_eventCNN_L_300_aa_wo_product_case_5_phi_aug_10_03,0.6595284938812256,0.6183213716108453,0.6234796009452165,0.6357816457748413,0.6742,0.7306195099999999,"quark jet: = 2, L: 300 fb^-1, aa, w/o decay product, phi shifting: +10",32,2026-03-18 22:21:36.964354
12972,8850,3252,2220,10000,10000,CWoLa,event-CNN,quark_jet_2_cut_eventCNN_L_300_aa_w_product_phi_aug_5_04,0.6403679847717285,0.6302997076023392,0.6548643662112298,0.6552562117576599,0.6735,0.731420665,"quark jet: = 2, L: 300 fb^-1, aa, w/ decay product, phi shifting: +5",37,2026-03-18 22:21:58.546710
12972,8850,3252,2220,10000,10000,CWoLa,event-CNN,quark_jet_2_cut_eventCNN_L_300_aa_w_product_phi_aug_5_05,0.643466055393219,0.6418128654970761,0.6478644465498709,0.649010956287384,0.66745,0.721146775,"quark jet: = 2, L: 300 fb^-1, aa, w/ decay product, phi shifting: +5",37,2026-03-18 22:24:36.361389
23782,16225,5962,4070,10000,10000,CWoLa,event-CNN,quark_jet_2_cut_eventCNN_L_300_aa_wo_product_case_5_phi_aug_10_04,0.6355756521224976,0.6415470494417863,0.6696960561854893,0.6552745699882507,0.65845,0.70978975,"quark jet: = 2, L: 300 fb^-1, aa, w/o decay product, phi shifting: +10",37,2026-03-18 22:24:50.576010
12972,8850,3252,2220,10000,10000,CWoLa,event-CNN,quark_jet_2_cut_eventCNN_L_300_aa_w_product_phi_aug_5_06,0.656817615032196,0.616593567251462,0.6231585136797314,0.6502051949501038,0.6463,0.6959218149999999,"quark jet: = 2, L: 300 fb^-1, aa, w/ decay product, phi shifting: +5",46,2026-03-18 22:27:22.995530
23782,16225,5962,4070,10000,10000,CWoLa,event-CNN,quark_jet_2_cut_eventCNN_L_300_aa_wo_product_case_5_phi_aug_10_05,0.6368581652641296,0.6453349282296651,0.6727495885077234,0.6359311938285828,0.66495,0.719349155,"quark jet: = 2, L: 300 fb^-1, aa, w/o decay product, phi shifting: +10",36,2026-03-18 22:27:55.864761
12972,8850,3252,2220,10000,10000,CWoLa,event-CNN,quark_jet_2_cut_eventCNN_L_300_aa_w_product_phi_aug_5_07,0.642320454120636,0.6271929824561403,0.6536105986059861,0.662135660648346,0.6627,0.7188296249999999,"quark jet: = 2, L: 300 fb^-1, aa, w/ decay product, phi shifting: +5",52,2026-03-18 22:30:15.233935
23782,16225,5962,4070,10000,10000,CWoLa,event-CNN,quark_jet_2_cut_eventCNN_L_300_aa_wo_product_case_5_phi_aug_10_06,0.6518081426620483,0.6310805422647527,0.6382484028659808,0.6365547180175781,0.6669,0.7250766649999998,"quark jet: = 2, L: 300 fb^-1, aa, w/o decay product, phi shifting: +10",32,2026-03-18 22:30:50.878747
12972,8850,3252,2220,10000,10000,CWoLa,event-CNN,quark_jet_2_cut_eventCNN_L_300_aa_w_product_phi_aug_5_08,0.6564465165138245,0.6118421052631579,0.6213855229768515,0.6493890881538391,0.65245,0.703296055,"quark jet: = 2, L: 300 fb^-1, aa, w/ decay product, phi shifting: +5",31,2026-03-18 22:32:30.393842
23782,16225,5962,4070,10000,10000,CWoLa,event-CNN,quark_jet_2_cut_eventCNN_L_300_aa_wo_product_case_5_phi_aug_10_07,0.6414584517478943,0.6365629984051037,0.6605801525962546,0.6365960240364075,0.6647,0.7225688149999999,"quark jet: = 2, L: 300 fb^-1, aa, w/o decay product, phi shifting: +10",34,2026-03-18 22:33:51.215491
12972,8850,3252,2220,10000,10000,CWoLa,event-CNN,quark_jet_2_cut_eventCNN_L_300_aa_w_product_phi_aug_5_09,0.6652272343635559,0.608735380116959,0.61478355661935,0.629615843296051,0.6711,0.727675405,"quark jet: = 2, L: 300 fb^-1, aa, w/ decay product, phi shifting: +5",45,2026-03-18 22:35:07.950849
23782,16225,5962,4070,10000,10000,CWoLa,event-CNN,quark_jet_2_cut_eventCNN_L_300_aa_wo_product_case_5_phi_aug_10_08,0.6481910347938538,0.6141347687400319,0.6415058474350659,0.6397110223770142,0.66165,0.71766587,"quark jet: = 2, L: 300 fb^-1, aa, w/o decay product, phi shifting: +10",33,2026-03-18 22:36:58.761837
12972,8850,3252,2220,10000,10000,CWoLa,event-CNN,quark_jet_2_cut_eventCNN_L_300_aa_w_product_phi_aug_5_10,0.6522983908653259,0.6200657894736842,0.6343287706525714,0.6386147141456604,0.67225,0.73213661,"quark jet: = 2, L: 300 fb^-1, aa, w/ decay product, phi shifting: +5",45,2026-03-18 22:37:56.511167
23782,16225,5962,4070,10000,10000,CWoLa,event-CNN,quark_jet_2_cut_eventCNN_L_300_aa_wo_product_case_5_phi_aug_10_09,0.6640636920928955,0.6109449760765551,0.6268305121626154,0.6668056845664978,0.65525,0.70892185,"quark jet: = 2, L: 300 fb^-1, aa, w/o decay product, phi shifting: +10",33,2026-03-18 22:40:02.145274
23782,16225,5962,4070,10000,10000,CWoLa,event-CNN,quark_jet_2_cut_eventCNN_L_300_aa_wo_product_case_5_phi_aug_10_10,0.6530478596687317,0.6162280701754386,0.630089831834213,0.6436634063720703,0.6701,0.7279460600000001,"quark jet: = 2, L: 300 fb^-1, aa, w/o decay product, phi shifting: +10",25,2026-03-18 22:42:37.591421
23782,16225,5962,4070,10000,10000,CWoLa,event-CNN,quark_jet_2_cut_eventCNN_L_300_aa_w_product_phi_aug_10_01,0.6462781429290771,0.6278907496012759,0.6496461207631956,0.6388170123100281,0.66365,0.7202229299999999,"quark jet: = 2, L: 300 fb^-1, aa, w/ decay product, phi shifting: +10",33,2026-03-18 22:43:39.888213
38952,26574,9744,6648,10000,10000,CWoLa,event-CNN,quark_jet_2_cut_eventCNN_L_900_aa_wo_product_case_5_phi_aug_5_01,0.6285567879676819,0.6473889702293801,0.6808515042858921,0.6621197462081909,0.6764,0.7296258250000001,"quark jet: = 2, L: 900 fb^-1, aa, w/o decay product, phi shifting: +5",39,2026-03-18 22:46:25.210130
23782,16225,5962,4070,10000,10000,CWoLa,event-CNN,quark_jet_2_cut_eventCNN_L_300_aa_w_product_phi_aug_10_02,0.6492599844932556,0.6205143540669856,0.6382308469611389,0.6630295515060425,0.65925,0.713375835,"quark jet: = 2, L: 300 fb^-1, aa, w/ decay product, phi shifting: +10",27,2026-03-18 22:47:01.228559
23782,16225,5962,4070,10000,10000,CWoLa,event-CNN,quark_jet_2_cut_eventCNN_L_300_aa_w_product_phi_aug_10_03,0.6557098627090454,0.6161283891547049,0.6190570789447005,0.6546977758407593,0.65715,0.708296985,"quark jet: = 2, L: 300 fb^-1, aa, w/ decay product, phi shifting: +10",25,2026-03-18 22:50:17.628347
38952,26574,9744,6648,10000,10000,CWoLa,event-CNN,quark_jet_2_cut_eventCNN_L_900_aa_wo_product_case_5_phi_aug_5_02,0.6389449238777161,0.6465348950707662,0.6748277566348336,0.6407764554023743,0.66335,0.71910926,"quark jet: = 2, L: 900 fb^-1, aa, w/o decay product, phi shifting: +5",44,2026-03-18 22:50:27.300264
23782,16225,5962,4070,10000,10000,CWoLa,event-CNN,quark_jet_2_cut_eventCNN_L_300_aa_w_product_phi_aug_10_04,0.6426697969436646,0.626993620414673,0.6517556110897271,0.6364423036575317,0.6723,0.7274848350000002,"quark jet: = 2, L: 300 fb^-1, aa, w/ decay product, phi shifting: +10",31,2026-03-18 22:53:50.586262
38952,26574,9744,6648,10000,10000,CWoLa,event-CNN,quark_jet_2_cut_eventCNN_L_900_aa_wo_product_case_5_phi_aug_5_03,0.6301348805427551,0.6464738897022938,0.6797083172167784,0.6249785423278809,0.68035,0.73389826,"quark jet: = 2, L: 900 fb^-1, aa, w/o decay product, phi shifting: +5",37,2026-03-18 22:54:08.758179
23782,16225,5962,4070,10000,10000,CWoLa,event-CNN,quark_jet_2_cut_eventCNN_L_300_aa_w_product_phi_aug_10_05,0.6412553787231445,0.6377591706539075,0.6521073061411874,0.6548822522163391,0.67375,0.724910395,"quark jet: = 2, L: 300 fb^-1, aa, w/ decay product, phi shifting: +10",32,2026-03-18 22:57:29.792447
38952,26574,9744,6648,10000,10000,CWoLa,event-CNN,quark_jet_2_cut_eventCNN_L_900_aa_wo_product_case_5_phi_aug_5_04,0.6318680644035339,0.632747681795998,0.6690707811922645,0.6397473812103271,0.6762,0.7309159650000001,"quark jet: = 2, L: 900 fb^-1, aa, w/o decay product, phi shifting: +5",38,2026-03-18 22:57:53.621978
23782,16225,5962,4070,10000,10000,CWoLa,event-CNN,quark_jet_2_cut_eventCNN_L_300_aa_w_product_phi_aug_10_06,0.6562609672546387,0.6171251993620415,0.6207854495341916,0.6621130704879761,0.65165,0.708912275,"quark jet: = 2, L: 300 fb^-1, aa, w/ decay product, phi shifting: +10",34,2026-03-18 23:01:15.206915
38952,26574,9744,6648,10000,10000,CWoLa,event-CNN,quark_jet_2_cut_eventCNN_L_900_aa_wo_product_case_5_phi_aug_5_05,0.6328040957450867,0.636896046852123,0.6725938770799619,0.6378312706947327,0.66955,0.7228996249999999,"quark jet: = 2, L: 900 fb^-1, aa, w/o decay product, phi shifting: +5",37,2026-03-18 23:01:38.369353
23782,16225,5962,4070,10000,10000,CWoLa,event-CNN,quark_jet_2_cut_eventCNN_L_300_aa_w_product_phi_aug_10_07,0.6428489089012146,0.6256977671451356,0.6544543369266617,0.6513838171958923,0.67055,0.72661358,"quark jet: = 2, L: 300 fb^-1, aa, w/ decay product, phi shifting: +10",37,2026-03-18 23:05:07.405208
38952,26574,9744,6648,10000,10000,CWoLa,event-CNN,quark_jet_2_cut_eventCNN_L_900_aa_wo_product_case_5_phi_aug_5_06,0.6291282773017883,0.645070766227428,0.6769974478416413,0.6471107602119446,0.66215,0.71779492,"quark jet: = 2, L: 900 fb^-1, aa, w/o decay product, phi shifting: +5",42,2026-03-18 23:05:48.352658
23782,16225,5962,4070,10000,10000,CWoLa,event-CNN,quark_jet_2_cut_eventCNN_L_300_aa_w_product_phi_aug_10_08,0.6447298526763916,0.6241028708133971,0.6444532201073631,0.643779993057251,0.6637,0.7189335349999999,"quark jet: = 2, L: 300 fb^-1, aa, w/ decay product, phi shifting: +10",36,2026-03-18 23:08:58.562228
38952,26574,9744,6648,10000,10000,CWoLa,event-CNN,quark_jet_2_cut_eventCNN_L_900_aa_wo_product_case_5_phi_aug_5_07,0.6256663799285889,0.6481820400195217,0.6825233498623733,0.6570916175842285,0.67255,0.726353205,"quark jet: = 2, L: 900 fb^-1, aa, w/o decay product, phi shifting: +5",38,2026-03-18 23:09:36.042679
23782,16225,5962,4070,10000,10000,CWoLa,event-CNN,quark_jet_2_cut_eventCNN_L_300_aa_w_product_phi_aug_10_09,0.6563273668289185,0.615530303030303,0.6206286209053737,0.6548956632614136,0.66715,0.724226575,"quark jet: = 2, L: 300 fb^-1, aa, w/ decay product, phi shifting: +10",32,2026-03-18 23:12:38.459365
38952,26574,9744,6648,10000,10000,CWoLa,event-CNN,quark_jet_2_cut_eventCNN_L_900_aa_wo_product_case_5_phi_aug_5_08,0.6373094320297241,0.6367740361151781,0.6682787698412698,0.651511013507843,0.6718,0.7292096299999999,"quark jet: = 2, L: 900 fb^-1, aa, w/o decay product, phi shifting: +5",46,2026-03-18 23:13:50.989551
23782,16225,5962,4070,10000,10000,CWoLa,event-CNN,quark_jet_2_cut_eventCNN_L_300_aa_w_product_phi_aug_10_10,0.6565048694610596,0.6208133971291866,0.6299687743917868,0.6369370818138123,0.6719,0.7326077350000001,"quark jet: = 2, L: 300 fb^-1, aa, w/ decay product, phi shifting: +10",39,2026-03-18 23:16:33.365664
38952,26574,9744,6648,10000,10000,CWoLa,event-CNN,quark_jet_2_cut_eventCNN_L_900_aa_wo_product_case_5_phi_aug_5_09,0.6288357973098755,0.6407393850658858,0.6780261440778022,0.6527052521705627,0.66375,0.71355145,"quark jet: = 2, L: 900 fb^-1, aa, w/o decay product, phi shifting: +5",39,2026-03-18 23:17:40.032876
38952,26574,9744,6648,10000,10000,CWoLa,event-CNN,quark_jet_2_cut_eventCNN_L_900_aa_wo_product_case_5_phi_aug_5_10,0.6397556662559509,0.6301854563201562,0.6614529997416412,0.6406531929969788,0.672,0.7266378450000001,"quark jet: = 2, L: 900 fb^-1, aa, w/o decay product, phi shifting: +5",37,2026-03-18 23:21:29.321038
38952,26574,9744,6648,10000,10000,CWoLa,event-CNN,quark_jet_2_cut_eventCNN_L_900_aa_w_product_phi_aug_5_01,0.6341736316680908,0.6387262079062958,0.6689038883998347,0.6356390118598938,0.674,0.72928961,"quark jet: = 2, L: 900 fb^-1, aa, w/ decay product, phi shifting: +5",44,2026-03-18 23:21:31.874798
71412,48719,17864,12188,10000,10000,CWoLa,event-CNN,quark_jet_2_cut_eventCNN_L_900_aa_wo_product_case_5_phi_aug_10_01,0.6301301717758179,0.6483428723545854,0.6807136879917272,0.6221202611923218,0.6842,0.74496604,"quark jet: = 2, L: 900 fb^-1, aa, w/o decay product, phi shifting: +10",29,2026-03-18 23:26:50.228703
38952,26574,9744,6648,10000,10000,CWoLa,event-CNN,quark_jet_2_cut_eventCNN_L_900_aa_w_product_phi_aug_5_02,0.6372694373130798,0.6382991703269888,0.669371253055353,0.6453037261962891,0.67235,0.7286102350000001,"quark jet: = 2, L: 900 fb^-1, aa, w/ decay product, phi shifting: +5",51,2026-03-18 23:26:54.267576
38952,26574,9744,6648,10000,10000,CWoLa,event-CNN,quark_jet_2_cut_eventCNN_L_900_aa_w_product_phi_aug_5_03,0.6309534907341003,0.6426915568570034,0.6709402012210544,0.6497419476509094,0.6718,0.7285337900000001,"quark jet: = 2, L: 900 fb^-1, aa, w/ decay product, phi shifting: +5",42,2026-03-18 23:31:41.155343
71412,48719,17864,12188,10000,10000,CWoLa,event-CNN,quark_jet_2_cut_eventCNN_L_900_aa_wo_product_case_5_phi_aug_10_02,0.6329658627510071,0.6412884333821376,0.6747589240795533,0.6763444542884827,0.6705,0.726055495,"quark jet: = 2, L: 900 fb^-1, aa, w/o decay product, phi shifting: +10",30,2026-03-18 23:32:23.574348
38952,26574,9744,6648,10000,10000,CWoLa,event-CNN,quark_jet_2_cut_eventCNN_L_900_aa_w_product_phi_aug_5_04,0.641160786151886,0.6282332845290386,0.6561475734272713,0.6470330357551575,0.66465,0.720692545,"quark jet: = 2, L: 900 fb^-1, aa, w/ decay product, phi shifting: +5",39,2026-03-18 23:36:11.441333
71412,48719,17864,12188,10000,10000,CWoLa,event-CNN,quark_jet_2_cut_eventCNN_L_900_aa_wo_product_case_5_phi_aug_10_03,0.6236357688903809,0.6529016371622521,0.6835050050331051,0.6562885046005249,0.6724,0.7269699350000001,"quark jet: = 2, L: 900 fb^-1, aa, w/o decay product, phi shifting: +10",30,2026-03-18 23:37:49.634084
38952,26574,9744,6648,10000,10000,CWoLa,event-CNN,quark_jet_2_cut_eventCNN_L_900_aa_w_product_phi_aug_5_05,0.6329639554023743,0.6448267447535383,0.6784480304087899,0.6429997086524963,0.6607,0.71141691,"quark jet: = 2, L: 900 fb^-1, aa, w/ decay product, phi shifting: +5",51,2026-03-18 23:41:35.802645
71412,48719,17864,12188,10000,10000,CWoLa,event-CNN,quark_jet_2_cut_eventCNN_L_900_aa_wo_product_case_5_phi_aug_10_04,0.6327212452888489,0.6328696925329429,0.6725513579352643,0.6317277550697327,0.67635,0.7290275449999999,"quark jet: = 2, L: 900 fb^-1, aa, w/o decay product, phi shifting: +10",32,2026-03-18 23:43:27.802330
38952,26574,9744,6648,10000,10000,CWoLa,event-CNN,quark_jet_2_cut_eventCNN_L_900_aa_w_product_phi_aug_5_06,0.6244746446609497,0.6430575890678379,0.6829157123319678,0.6492335200309753,0.67175,0.730322015,"quark jet: = 2, L: 900 fb^-1, aa, w/ decay product, phi shifting: +5",49,2026-03-18 23:46:50.502431
71412,48719,17864,12188,10000,10000,CWoLa,event-CNN,quark_jet_2_cut_eventCNN_L_900_aa_wo_product_case_5_phi_aug_10_05,0.6350661516189575,0.6395913749500866,0.6789901076411338,0.6508525013923645,0.6648,0.714451415,"quark jet: = 2, L: 900 fb^-1, aa, w/o decay product, phi shifting: +10",37,2026-03-18 23:49:54.022314
38952,26574,9744,6648,10000,10000,CWoLa,event-CNN,quark_jet_2_cut_eventCNN_L_900_aa_w_product_phi_aug_5_07,0.628692090511322,0.6400683260126891,0.6749927274817766,0.650071918964386,0.66715,0.7237519600000001,"quark jet: = 2, L: 900 fb^-1, aa, w/ decay product, phi shifting: +5",52,2026-03-18 23:52:21.977864
71412,48719,17864,12188,10000,10000,CWoLa,event-CNN,quark_jet_2_cut_eventCNN_L_900_aa_wo_product_case_5_phi_aug_10_06,0.6278501749038696,0.6426194596033542,0.6750624219111807,0.6450166702270508,0.67645,0.7338321499999999,"quark jet: = 2, L: 900 fb^-1, aa, w/o decay product, phi shifting: +10",29,2026-03-18 23:55:16.274413
38952,26574,9744,6648,10000,10000,CWoLa,event-CNN,quark_jet_2_cut_eventCNN_L_900_aa_w_product_phi_aug_5_08,0.6429808735847473,0.6271961932650073,0.653616764872678,0.6391948461532593,0.67445,0.733026705,"quark jet: = 2, L: 900 fb^-1, aa, w/ decay product, phi shifting: +5",45,2026-03-18 23:57:21.594730
71412,48719,17864,12188,10000,10000,CWoLa,event-CNN,quark_jet_2_cut_eventCNN_L_900_aa_wo_product_case_5_phi_aug_10_07,0.6279110908508301,0.6499401038200453,0.6882139716504425,0.6278888583183289,0.67795,0.7345096549999999,"quark jet: = 2, L: 900 fb^-1, aa, w/o decay product, phi shifting: +10",34,2026-03-19 00:01:23.570576
38952,26574,9744,6648,10000,10000,CWoLa,event-CNN,quark_jet_2_cut_eventCNN_L_900_aa_w_product_phi_aug_5_09,0.633770227432251,0.6379941434846267,0.6692792466689983,0.6560519933700562,0.663,0.717065155,"quark jet: = 2, L: 900 fb^-1, aa, w/ decay product, phi shifting: +5",43,2026-03-19 00:02:22.196730
38952,26574,9744,6648,10000,10000,CWoLa,event-CNN,quark_jet_2_cut_eventCNN_L_900_aa_w_product_phi_aug_5_10,0.6417387127876282,0.6314055636896047,0.6587246167347391,0.6370545625686646,0.6701,0.7284834400000001,"quark jet: = 2, L: 900 fb^-1, aa, w/ decay product, phi shifting: +5",47,2026-03-19 00:07:31.667015
71412,48719,17864,12188,10000,10000,CWoLa,event-CNN,quark_jet_2_cut_eventCNN_L_900_aa_wo_product_case_5_phi_aug_10_08,0.6339403390884399,0.6420204978038068,0.6769635668305077,0.6251627206802368,0.6776,0.73564151,"quark jet: = 2, L: 900 fb^-1, aa, w/o decay product, phi shifting: +10",35,2026-03-19 00:07:35.234274
71412,48719,17864,12188,10000,10000,CWoLa,event-CNN,quark_jet_2_cut_eventCNN_L_900_aa_wo_product_case_5_phi_aug_10_09,0.6257176399230957,0.6440835884466924,0.6848642015132089,0.6590408682823181,0.6662,0.71541576,"quark jet: = 2, L: 900 fb^-1, aa, w/o decay product, phi shifting: +10",38,2026-03-19 00:13:58.566788
71412,48719,17864,12188,10000,10000,CWoLa,event-CNN,quark_jet_2_cut_eventCNN_L_900_aa_w_product_phi_aug_10_01,0.6400853395462036,0.6357979502196194,0.6646373831175445,0.6238557696342468,0.6788,0.7363394000000001,"quark jet: = 2, L: 900 fb^-1, aa, w/ decay product, phi shifting: +10",33,2026-03-19 00:14:19.036148
71412,48719,17864,12188,10000,10000,CWoLa,event-CNN,quark_jet_2_cut_eventCNN_L_900_aa_wo_product_case_5_phi_aug_10_10,0.6321630477905273,0.6390922401171303,0.6684098993548013,0.6350905299186707,0.68215,0.74401537,"quark jet: = 2, L: 900 fb^-1, aa, w/o decay product, phi shifting: +10",30,2026-03-19 00:19:23.115696
71412,48719,17864,12188,10000,10000,CWoLa,event-CNN,quark_jet_2_cut_eventCNN_L_900_aa_w_product_phi_aug_10_02,0.6446734070777893,0.6298083322241448,0.6603402314515492,0.6453362703323364,0.66795,0.718546575,"quark jet: = 2, L: 900 fb^-1, aa, w/ decay product, phi shifting: +10",37,2026-03-19 00:21:44.767636
77910,53160,19488,13296,10000,10000,CWoLa,event-CNN,quark_jet_2_cut_eventCNN_L_1800_aa_wo_product_case_5_phi_aug_5_01,0.6315786838531494,0.6352489019033675,0.6761152343402661,0.6415439248085022,0.66885,0.724698985,"quark jet: = 2, L: 1800 fb^-1, aa, w/o decay product, phi shifting: +5",40,2026-03-19 00:25:59.992924
71412,48719,17864,12188,10000,10000,CWoLa,event-CNN,quark_jet_2_cut_eventCNN_L_900_aa_w_product_phi_aug_10_03,0.6335273385047913,0.641721016904033,0.6705605523356944,0.6674452424049377,0.66495,0.717287195,"quark jet: = 2, L: 900 fb^-1, aa, w/ decay product, phi shifting: +10",35,2026-03-19 00:28:56.094669
77910,53160,19488,13296,10000,10000,CWoLa,event-CNN,quark_jet_2_cut_eventCNN_L_1800_aa_wo_product_case_5_phi_aug_5_02,0.6189506649971008,0.6501342118106394,0.6949623952454804,0.6595813632011414,0.6715,0.7263150699999998,"quark jet: = 2, L: 1800 fb^-1, aa, w/o decay product, phi shifting: +5",41,2026-03-19 00:32:48.392630
71412,48719,17864,12188,10000,10000,CWoLa,event-CNN,quark_jet_2_cut_eventCNN_L_900_aa_w_product_phi_aug_10_04,0.6360749006271362,0.6304405696792227,0.6683775950546968,0.6366273164749146,0.6627,0.716135715,"quark jet: = 2, L: 900 fb^-1, aa, w/ decay product, phi shifting: +10",34,2026-03-19 00:36:01.820387
77910,53160,19488,13296,10000,10000,CWoLa,event-CNN,quark_jet_2_cut_eventCNN_L_1800_aa_wo_product_case_5_phi_aug_5_03,0.6267215609550476,0.6436676427525623,0.6787414570680912,0.6414936780929565,0.675,0.732476715,"quark jet: = 2, L: 1800 fb^-1, aa, w/o decay product, phi shifting: +5",36,2026-03-19 00:38:47.135144
71412,48719,17864,12188,10000,10000,CWoLa,event-CNN,quark_jet_2_cut_eventCNN_L_900_aa_w_product_phi_aug_10_05,0.6306495666503906,0.6424198056701717,0.6749353105644058,0.6449549198150635,0.66745,0.7173325399999999,"quark jet: = 2, L: 900 fb^-1, aa, w/ decay product, phi shifting: +10",34,2026-03-19 00:43:01.614296
77910,53160,19488,13296,10000,10000,CWoLa,event-CNN,quark_jet_2_cut_eventCNN_L_1800_aa_wo_product_case_5_phi_aug_5_04,0.6265982389450073,0.6443081991215227,0.6852007935952193,0.644985020160675,0.6665,0.7178186799999999,"quark jet: = 2, L: 1800 fb^-1, aa, w/o decay product, phi shifting: +5",47,2026-03-19 00:46:03.699869
71412,48719,17864,12188,10000,10000,CWoLa,event-CNN,quark_jet_2_cut_eventCNN_L_900_aa_w_product_phi_aug_10_06,0.6291462779045105,0.6423199787035805,0.6786402328037048,0.6460765600204468,0.6601,0.713287185,"quark jet: = 2, L: 900 fb^-1, aa, w/ decay product, phi shifting: +10",38,2026-03-19 00:50:36.403954
77910,53160,19488,13296,10000,10000,CWoLa,event-CNN,quark_jet_2_cut_eventCNN_L_1800_aa_wo_product_case_5_phi_aug_5_05,0.6279186010360718,0.6434236212786725,0.6808139665293116,0.6269985437393188,0.68255,0.737296715,"quark jet: = 2, L: 1800 fb^-1, aa, w/o decay product, phi shifting: +5",36,2026-03-19 00:52:18.228324
71412,48719,17864,12188,10000,10000,CWoLa,event-CNN,quark_jet_2_cut_eventCNN_L_900_aa_w_product_phi_aug_10_07,0.6275132298469543,0.6439504858245707,0.6780078153303868,0.6489012241363525,0.6717,0.724386325,"quark jet: = 2, L: 900 fb^-1, aa, w/ decay product, phi shifting: +10",38,2026-03-19 00:58:23.711387
77910,53160,19488,13296,10000,10000,CWoLa,event-CNN,quark_jet_2_cut_eventCNN_L_1800_aa_wo_product_case_5_phi_aug_5_06,0.6283071637153625,0.6440031722791606,0.6769059817612467,0.6366801261901855,0.6821,0.742448025,"quark jet: = 2, L: 1800 fb^-1, aa, w/o decay product, phi shifting: +5",39,2026-03-19 00:58:55.254761
71412,48719,17864,12188,10000,10000,CWoLa,event-CNN,quark_jet_2_cut_eventCNN_L_900_aa_w_product_phi_aug_10_08,0.6420814990997314,0.6299747105017969,0.6545934785722296,0.6285879015922546,0.6852,0.74453364,"quark jet: = 2, L: 900 fb^-1, aa, w/ decay product, phi shifting: +10",33,2026-03-19 01:05:32.304256
77910,53160,19488,13296,10000,10000,CWoLa,event-CNN,quark_jet_2_cut_eventCNN_L_1800_aa_wo_product_case_5_phi_aug_5_07,0.6260024905204773,0.6457418252806247,0.6848058511646651,0.634712815284729,0.68305,0.740377695,"quark jet: = 2, L: 1800 fb^-1, aa, w/o decay product, phi shifting: +5",39,2026-03-19 01:05:32.705458
77910,53160,19488,13296,10000,10000,CWoLa,event-CNN,quark_jet_2_cut_eventCNN_L_1800_aa_wo_product_case_5_phi_aug_5_08,0.6184841394424438,0.6506832601268911,0.693681229471461,0.6393172144889832,0.6781,0.73557811,"quark jet: = 2, L: 1800 fb^-1, aa, w/o decay product, phi shifting: +5",44,2026-03-19 01:12:39.041695
71412,48719,17864,12188,10000,10000,CWoLa,event-CNN,quark_jet_2_cut_eventCNN_L_900_aa_w_product_phi_aug_10_09,0.634901225566864,0.6386263809397045,0.6734287158115924,0.6646993160247803,0.6617,0.715343155,"quark jet: = 2, L: 900 fb^-1, aa, w/ decay product, phi shifting: +10",38,2026-03-19 01:13:09.268659
77910,53160,19488,13296,10000,10000,CWoLa,event-CNN,quark_jet_2_cut_eventCNN_L_1800_aa_wo_product_case_5_phi_aug_5_09,0.6288031339645386,0.6405258662762323,0.6835653472734741,0.6231762170791626,0.67995,0.7370763899999999,"quark jet: = 2, L: 1800 fb^-1, aa, w/o decay product, phi shifting: +5",41,2026-03-19 01:19:13.935105
71412,48719,17864,12188,10000,10000,CWoLa,event-CNN,quark_jet_2_cut_eventCNN_L_900_aa_w_product_phi_aug_10_10,0.6406074166297913,0.6289098895248236,0.6592487034371646,0.6331296563148499,0.6772,0.7341331200000001,"quark jet: = 2, L: 900 fb^-1, aa, w/ decay product, phi shifting: +10",32,2026-03-19 01:19:50.533999
77910,53160,19488,13296,10000,10000,CWoLa,event-CNN,quark_jet_2_cut_eventCNN_L_1800_aa_wo_product_case_5_phi_aug_5_10,0.6217753291130066,0.6434236212786725,0.6868948785509525,0.6344221234321594,0.68335,0.737535755,"quark jet: = 2, L: 1800 fb^-1, aa, w/o decay product, phi shifting: +5",34,2026-03-19 01:24:59.884216
77910,53160,19488,13296,10000,10000,CWoLa,event-CNN,quark_jet_2_cut_eventCNN_L_1800_aa_w_product_phi_aug_5_01,0.6286334991455078,0.6393057589067838,0.6785570352065833,0.6346613168716431,0.66895,0.72400916,"quark jet: = 2, L: 1800 fb^-1, aa, w/ decay product, phi shifting: +5",41,2026-03-19 01:27:42.817840
77910,53160,19488,13296,10000,10000,CWoLa,event-CNN,quark_jet_2_cut_eventCNN_L_1800_aa_w_product_phi_aug_5_02,0.6250426173210144,0.6428135675939483,0.681076890987499,0.6491135954856873,0.6747,0.73339619,"quark jet: = 2, L: 1800 fb^-1, aa, w/ decay product, phi shifting: +5",36,2026-03-19 01:34:53.604356
142835,97460,35728,24376,10000,10000,CWoLa,event-CNN,quark_jet_2_cut_eventCNN_L_1800_aa_wo_product_case_5_phi_aug_10_01,0.6303051710128784,0.6408059363769466,0.6801271979922032,0.6310592889785767,0.68005,0.7390728200000001,"quark jet: = 2, L: 1800 fb^-1, aa, w/o decay product, phi shifting: +10",34,2026-03-19 01:35:11.354034
77910,53160,19488,13296,10000,10000,CWoLa,event-CNN,quark_jet_2_cut_eventCNN_L_1800_aa_w_product_phi_aug_5_03,0.6311492919921875,0.6466264031234749,0.6792826352364206,0.6772768497467041,0.6618,0.71074382,"quark jet: = 2, L: 1800 fb^-1, aa, w/ decay product, phi shifting: +5",45,2026-03-19 01:43:08.774585
142835,97460,35728,24376,10000,10000,CWoLa,event-CNN,quark_jet_2_cut_eventCNN_L_1800_aa_wo_product_case_5_phi_aug_10_02,0.6199568510055542,0.6497570877146279,0.6952771121284897,0.6286999583244324,0.6724,0.72893436,"quark jet: = 2, L: 1800 fb^-1, aa, w/o decay product, phi shifting: +10",33,2026-03-19 01:45:14.660695
77910,53160,19488,13296,10000,10000,CWoLa,event-CNN,quark_jet_2_cut_eventCNN_L_1800_aa_w_product_phi_aug_5_04,0.6326839327812195,0.6381161542215715,0.6766966710916181,0.6367461085319519,0.66805,0.7176132749999999,"quark jet: = 2, L: 1800 fb^-1, aa, w/ decay product, phi shifting: +5",40,2026-03-19 01:50:43.094858
142835,97460,35728,24376,10000,10000,CWoLa,event-CNN,quark_jet_2_cut_eventCNN_L_1800_aa_wo_product_case_5_phi_aug_10_03,0.6258212327957153,0.6495740716092107,0.6881553131775934,0.6313576102256775,0.667,0.718467335,"quark jet: = 2, L: 1800 fb^-1, aa, w/o decay product, phi shifting: +10",32,2026-03-19 01:55:01.720987
77910,53160,19488,13296,10000,10000,CWoLa,event-CNN,quark_jet_2_cut_eventCNN_L_1800_aa_w_product_phi_aug_5_05,0.6340770125389099,0.635187896534895,0.6708545762340217,0.6336562037467957,0.67855,0.737778615,"quark jet: = 2, L: 1800 fb^-1, aa, w/ decay product, phi shifting: +5",37,2026-03-19 01:58:14.408778
142835,97460,35728,24376,10000,10000,CWoLa,event-CNN,quark_jet_2_cut_eventCNN_L_1800_aa_wo_product_case_5_phi_aug_10_04,0.6230944991111755,0.640672833754825,0.6852223631258514,0.6367031335830688,0.6681,0.71902534,"quark jet: = 2, L: 1800 fb^-1, aa, w/o decay product, phi shifting: +10",32,2026-03-19 02:04:54.175052
77910,53160,19488,13296,10000,10000,CWoLa,event-CNN,quark_jet_2_cut_eventCNN_L_1800_aa_w_product_phi_aug_5_06,0.6261752843856812,0.6449487554904831,0.6817304778811707,0.6169613599777222,0.68765,0.749382835,"quark jet: = 2, L: 1800 fb^-1, aa, w/ decay product, phi shifting: +5",42,2026-03-19 02:06:22.958740
77910,53160,19488,13296,10000,10000,CWoLa,event-CNN,quark_jet_2_cut_eventCNN_L_1800_aa_w_product_phi_aug_5_07,0.6269720196723938,0.6429355783308931,0.679330710888888,0.6334043741226196,0.6903,0.74266499,"quark jet: = 2, L: 1800 fb^-1, aa, w/ decay product, phi shifting: +5",38,2026-03-19 02:13:36.146833
142835,97460,35728,24376,10000,10000,CWoLa,event-CNN,quark_jet_2_cut_eventCNN_L_1800_aa_wo_product_case_5_phi_aug_10_05,0.6285684108734131,0.6438839345135099,0.6830306936504613,0.6391969919204712,0.6733,0.72778093,"quark jet: = 2, L: 1800 fb^-1, aa, w/o decay product, phi shifting: +10",34,2026-03-19 02:15:15.654781
77910,53160,19488,13296,10000,10000,CWoLa,event-CNN,quark_jet_2_cut_eventCNN_L_1800_aa_w_product_phi_aug_5_08,0.624880850315094,0.6453757930697901,0.6856234768774984,0.6304253935813904,0.68135,0.7388431000000001,"quark jet: = 2, L: 1800 fb^-1, aa, w/ decay product, phi shifting: +5",49,2026-03-19 02:22:43.129851
142835,97460,35728,24376,10000,10000,CWoLa,event-CNN,quark_jet_2_cut_eventCNN_L_1800_aa_wo_product_case_5_phi_aug_10_06,0.6263768076896667,0.6403899906828164,0.6772964185855027,0.6338332295417786,0.6837,0.7419496849999999,"quark jet: = 2, L: 1800 fb^-1, aa, w/o decay product, phi shifting: +10",28,2026-03-19 02:24:24.276077
77910,53160,19488,13296,10000,10000,CWoLa,event-CNN,quark_jet_2_cut_eventCNN_L_1800_aa_w_product_phi_aug_5_09,0.6301937103271484,0.6362249877989263,0.6714995375289727,0.6494288444519043,0.68265,0.7381493650000001,"quark jet: = 2, L: 1800 fb^-1, aa, w/ decay product, phi shifting: +5",35,2026-03-19 02:29:46.171287
142835,97460,35728,24376,10000,10000,CWoLa,event-CNN,quark_jet_2_cut_eventCNN_L_1800_aa_wo_product_case_5_phi_aug_10_07,0.6259239315986633,0.645664182084387,0.6855810265149617,0.6397379040718079,0.6797,0.7353958099999999,"quark jet: = 2, L: 1800 fb^-1, aa, w/o decay product, phi shifting: +10",32,2026-03-19 02:34:16.976187
77910,53160,19488,13296,10000,10000,CWoLa,event-CNN,quark_jet_2_cut_eventCNN_L_1800_aa_w_product_phi_aug_5_10,0.6282601952552795,0.6431795998047828,0.6826602595333435,0.6436348557472229,0.67215,0.72308232,"quark jet: = 2, L: 1800 fb^-1, aa, w/ decay product, phi shifting: +5",43,2026-03-19 02:38:07.050883
142835,97460,35728,24376,10000,10000,CWoLa,event-CNN,quark_jet_2_cut_eventCNN_L_1800_aa_wo_product_case_5_phi_aug_10_08,0.6219969987869263,0.6510548382803141,0.6967109412558601,0.6207870841026306,0.6774,0.736321815,"quark jet: = 2, L: 1800 fb^-1, aa, w/o decay product, phi shifting: +10",33,2026-03-19 02:44:22.577499
142835,97460,35728,24376,10000,10000,CWoLa,event-CNN,quark_jet_2_cut_eventCNN_L_1800_aa_w_product_phi_aug_10_01,0.6284734606742859,0.6367463064022362,0.6774445545959252,0.653119683265686,0.6691,0.726378845,"quark jet: = 2, L: 1800 fb^-1, aa, w/ decay product, phi shifting: +10",37,2026-03-19 02:51:05.323041
142835,97460,35728,24376,10000,10000,CWoLa,event-CNN,quark_jet_2_cut_eventCNN_L_1800_aa_wo_product_case_5_phi_aug_10_09,0.6272265911102295,0.6394749101557301,0.6806181868400801,0.6558101773262024,0.67105,0.72628688,"quark jet: = 2, L: 1800 fb^-1, aa, w/o decay product, phi shifting: +10",34,2026-03-19 02:54:39.535231
142835,97460,35728,24376,10000,10000,CWoLa,event-CNN,quark_jet_2_cut_eventCNN_L_1800_aa_w_product_phi_aug_10_02,0.6225825548171997,0.6419040330094503,0.6849120258628039,0.6341217160224915,0.6785,0.7331075850000001,"quark jet: = 2, L: 1800 fb^-1, aa, w/ decay product, phi shifting: +10",30,2026-03-19 03:02:16.823153
142835,97460,35728,24376,10000,10000,CWoLa,event-CNN,quark_jet_2_cut_eventCNN_L_1800_aa_wo_product_case_5_phi_aug_10_10,0.6215265989303589,0.6491747637428458,0.6914562347441582,0.6327769160270691,0.6723,0.72569041,"quark jet: = 2, L: 1800 fb^-1, aa, w/o decay product, phi shifting: +10",30,2026-03-19 03:04:02.325629
142835,97460,35728,24376,10000,10000,CWoLa,event-CNN,quark_jet_2_cut_eventCNN_L_1800_aa_w_product_phi_aug_10_03,0.6308163404464722,0.6422367895647544,0.6755400034525896,0.6245130300521851,0.68405,0.7396445899999999,"quark jet: = 2, L: 1800 fb^-1, aa, w/ decay product, phi shifting: +10",29,2026-03-19 03:13:11.453022
129864,88608,32472,22158,10000,10000,CWoLa,event-CNN,quark_jet_2_cut_eventCNN_L_3000_aa_wo_product_case_5_phi_aug_5_01,0.618256688117981,0.6509793153944718,0.6957602357175874,0.6277201771736145,0.6777,0.733649995,"quark jet: = 2, L: 3000 fb^-1, aa, w/o decay product, phi shifting: +5",38,2026-03-19 03:14:03.508725
129864,88608,32472,22158,10000,10000,CWoLa,event-CNN,quark_jet_2_cut_eventCNN_L_3000_aa_wo_product_case_5_phi_aug_5_02,0.6202184557914734,0.6481237415339557,0.6908500558298627,0.6312544345855713,0.6809,0.73703671,"quark jet: = 2, L: 3000 fb^-1, aa, w/o decay product, phi shifting: +5",39,2026-03-19 03:24:03.063282
142835,97460,35728,24376,10000,10000,CWoLa,event-CNN,quark_jet_2_cut_eventCNN_L_1800_aa_w_product_phi_aug_10_04,0.627501368522644,0.6381438839345135,0.6807980082546892,0.6475059986114502,0.66655,0.72133382,"quark jet: = 2, L: 1800 fb^-1, aa, w/ decay product, phi shifting: +10",40,2026-03-19 03:26:52.657462
129864,88608,32472,22158,10000,10000,CWoLa,event-CNN,quark_jet_2_cut_eventCNN_L_3000_aa_wo_product_case_5_phi_aug_5_03,0.6136865615844727,0.6514003294892916,0.6981608007062807,0.6332529187202454,0.67735,0.7370740699999999,"quark jet: = 2, L: 3000 fb^-1, aa, w/o decay product, phi shifting: +5",34,2026-03-19 03:32:55.760596
142835,97460,35728,24376,10000,10000,CWoLa,event-CNN,quark_jet_2_cut_eventCNN_L_1800_aa_w_product_phi_aug_10_05,0.640279233455658,0.6412218820710768,0.6741875447855592,0.6404345631599426,0.66485,0.717708585,"quark jet: = 2, L: 1800 fb^-1, aa, w/ decay product, phi shifting: +10",35,2026-03-19 03:38:55.358272
129864,88608,32472,22158,10000,10000,CWoLa,event-CNN,quark_jet_2_cut_eventCNN_L_3000_aa_wo_product_case_5_phi_aug_5_04,0.6218298077583313,0.6528647263408384,0.6966514164127232,0.6256470084190369,0.67565,0.72963088,"quark jet: = 2, L: 3000 fb^-1, aa, w/o decay product, phi shifting: +5",35,2026-03-19 03:42:02.024025
142835,97460,35728,24376,10000,10000,CWoLa,event-CNN,quark_jet_2_cut_eventCNN_L_1800_aa_w_product_phi_aug_10_06,0.62898188829422,0.6405230933049381,0.6759482152584947,0.6310521364212036,0.6806,0.738951845,"quark jet: = 2, L: 1800 fb^-1, aa, w/ decay product, phi shifting: +10",32,2026-03-19 03:50:36.920738
129864,88608,32472,22158,10000,10000,CWoLa,event-CNN,quark_jet_2_cut_eventCNN_L_3000_aa_wo_product_case_5_phi_aug_5_05,0.6244726181030273,0.6462017206663005,0.6867307966809,0.6511633396148682,0.67545,0.732825045,"quark jet: = 2, L: 3000 fb^-1, aa, w/o decay product, phi shifting: +5",33,2026-03-19 03:50:57.145181
129864,88608,32472,22158,10000,10000,CWoLa,event-CNN,quark_jet_2_cut_eventCNN_L_3000_aa_wo_product_case_5_phi_aug_5_06,0.6194266676902771,0.6533772652388797,0.6973653901349179,0.6319702863693237,0.68355,0.74861367,"quark jet: = 2, L: 3000 fb^-1, aa, w/o decay product, phi shifting: +5",38,2026-03-19 04:00:49.600968
142835,97460,35728,24376,10000,10000,CWoLa,event-CNN,quark_jet_2_cut_eventCNN_L_1800_aa_w_product_phi_aug_10_07,0.6269322633743286,0.645331425529083,0.6847885699059268,0.6312822699546814,0.67835,0.73465274,"quark jet: = 2, L: 1800 fb^-1, aa, w/ decay product, phi shifting: +10",34,2026-03-19 04:02:57.248763
129864,88608,32472,22158,10000,10000,CWoLa,event-CNN,quark_jet_2_cut_eventCNN_L_3000_aa_wo_product_case_5_phi_aug_5_07,0.6143302321434021,0.6561596192568186,0.7001561758493131,0.6360164284706116,0.69085,0.74651862,"quark jet: = 2, L: 3000 fb^-1, aa, w/o decay product, phi shifting: +5",35,2026-03-19 04:09:53.613603
142835,97460,35728,24376,10000,10000,CWoLa,event-CNN,quark_jet_2_cut_eventCNN_L_1800_aa_w_product_phi_aug_10_08,0.6253040432929993,0.6440003993078663,0.6839756506917819,0.630875289440155,0.67805,0.73335101,"quark jet: = 2, L: 1800 fb^-1, aa, w/ decay product, phi shifting: +10",30,2026-03-19 04:13:59.018313
129864,88608,32472,22158,10000,10000,CWoLa,event-CNN,quark_jet_2_cut_eventCNN_L_3000_aa_wo_product_case_5_phi_aug_5_08,0.6220658421516418,0.6490206846055281,0.6906618720118882,0.6372085213661194,0.6838,0.7382097599999999,"quark jet: = 2, L: 3000 fb^-1, aa, w/o decay product, phi shifting: +5",40,2026-03-19 04:20:03.888411
142835,97460,35728,24376,10000,10000,CWoLa,event-CNN,quark_jet_2_cut_eventCNN_L_1800_aa_w_product_phi_aug_10_09,0.6350106000900269,0.6341840809263942,0.6734326014215857,0.6285244226455688,0.67495,0.7259560300000001,"quark jet: = 2, L: 1800 fb^-1, aa, w/ decay product, phi shifting: +10",32,2026-03-19 04:25:39.228142
129864,88608,32472,22158,10000,10000,CWoLa,event-CNN,quark_jet_2_cut_eventCNN_L_3000_aa_wo_product_case_5_phi_aug_5_09,0.6235063076019287,0.6543291231923851,0.696409313603676,0.6128323674201965,0.67955,0.7411859100000001,"quark jet: = 2, L: 3000 fb^-1, aa, w/o decay product, phi shifting: +5",35,2026-03-19 04:29:15.789590
142835,97460,35728,24376,10000,10000,CWoLa,event-CNN,quark_jet_2_cut_eventCNN_L_1800_aa_w_product_phi_aug_10_10,0.6372984647750854,0.644449620657527,0.6842090048809507,0.6208580732345581,0.67375,0.727158635,"quark jet: = 2, L: 1800 fb^-1, aa, w/ decay product, phi shifting: +10",34,2026-03-19 04:37:36.749447
129864,88608,32472,22158,10000,10000,CWoLa,event-CNN,quark_jet_2_cut_eventCNN_L_3000_aa_wo_product_case_5_phi_aug_5_10,0.6134457588195801,0.6582646897309171,0.7027494784205733,0.6385772228240967,0.6766,0.7330851300000001,"quark jet: = 2, L: 3000 fb^-1, aa, w/o decay product, phi shifting: +5",37,2026-03-19 04:38:54.924025
129864,88608,32472,22158,10000,10000,CWoLa,event-CNN,quark_jet_2_cut_eventCNN_L_3000_aa_w_product_phi_aug_5_01,0.6237872838973999,0.642504118616145,0.6854212547599592,0.6293379664421082,0.6729,0.7277983450000001,"quark jet: = 2, L: 3000 fb^-1, aa, w/ decay product, phi shifting: +5",34,2026-03-19 04:48:04.676263
238084,162448,59532,40623,10000,10000,CWoLa,event-CNN,quark_jet_2_cut_eventCNN_L_3000_aa_wo_product_case_5_phi_aug_10_01,0.6192004084587097,0.6487244770605561,0.6936204438619293,0.6289315819740295,0.6804,0.734246375,"quark jet: = 2, L: 3000 fb^-1, aa, w/o decay product, phi shifting: +10",30,2026-03-19 04:53:21.907798
129864,88608,32472,22158,10000,10000,CWoLa,event-CNN,quark_jet_2_cut_eventCNN_L_3000_aa_w_product_phi_aug_5_02,0.6224391460418701,0.6458722313747025,0.6855855856907616,0.6341375708580017,0.67555,0.732485715,"quark jet: = 2, L: 3000 fb^-1, aa, w/ decay product, phi shifting: +5",32,2026-03-19 04:57:57.050516
238084,162448,59532,40623,10000,10000,CWoLa,event-CNN,quark_jet_2_cut_eventCNN_L_3000_aa_wo_product_case_5_phi_aug_10_02,0.6227627396583557,0.6459387948679547,0.6849538353385952,0.6316131949424744,0.678,0.73301145,"quark jet: = 2, L: 3000 fb^-1, aa, w/o decay product, phi shifting: +10",27,2026-03-19 05:06:54.397173
129864,88608,32472,22158,10000,10000,CWoLa,event-CNN,quark_jet_2_cut_eventCNN_L_3000_aa_w_product_phi_aug_5_03,0.6169599890708923,0.652791506498261,0.6959703495985883,0.6325957775115967,0.6729,0.7349080050000001,"quark jet: = 2, L: 3000 fb^-1, aa, w/ decay product, phi shifting: +5",34,2026-03-19 05:08:29.313180
129864,88608,32472,22158,10000,10000,CWoLa,event-CNN,quark_jet_2_cut_eventCNN_L_3000_aa_w_product_phi_aug_5_04,0.6241307854652405,0.6489840746842395,0.6889089116938195,0.6410688757896423,0.6679,0.721169735,"quark jet: = 2, L: 3000 fb^-1, aa, w/ decay product, phi shifting: +5",38,2026-03-19 05:19:43.548093
238084,162448,59532,40623,10000,10000,CWoLa,event-CNN,quark_jet_2_cut_eventCNN_L_3000_aa_wo_product_case_5_phi_aug_10_03,0.6129932999610901,0.6532474664270381,0.6991518016157237,0.6257168650627136,0.68425,0.743593895,"quark jet: = 2, L: 3000 fb^-1, aa, w/o decay product, phi shifting: +10",30,2026-03-19 05:21:20.908115
129864,88608,32472,22158,10000,10000,CWoLa,event-CNN,quark_jet_2_cut_eventCNN_L_3000_aa_w_product_phi_aug_5_05,0.6301955580711365,0.6435108914515834,0.681776922056406,0.6414769291877747,0.66675,0.71921596,"quark jet: = 2, L: 3000 fb^-1, aa, w/ decay product, phi shifting: +5",36,2026-03-19 05:30:42.328293
238084,162448,59532,40623,10000,10000,CWoLa,event-CNN,quark_jet_2_cut_eventCNN_L_3000_aa_wo_product_case_5_phi_aug_10_04,0.6168556213378906,0.6552543557485897,0.7024903954709074,0.6188775300979614,0.67925,0.739669895,"quark jet: = 2, L: 3000 fb^-1, aa, w/o decay product, phi shifting: +10",31,2026-03-19 05:36:14.913701
129864,88608,32472,22158,10000,10000,CWoLa,event-CNN,quark_jet_2_cut_eventCNN_L_3000_aa_w_product_phi_aug_5_06,0.6187465190887451,0.651034230276405,0.6920154206855151,0.637179970741272,0.6827,0.7454313199999999,"quark jet: = 2, L: 3000 fb^-1, aa, w/ decay product, phi shifting: +5",37,2026-03-19 05:41:51.284405
238084,162448,59532,40623,10000,10000,CWoLa,event-CNN,quark_jet_2_cut_eventCNN_L_3000_aa_wo_product_case_5_phi_aug_10_05,0.6285348534584045,0.6445509460336478,0.6862087291152521,0.6151182651519775,0.68425,0.7394747700000001,"quark jet: = 2, L: 3000 fb^-1, aa, w/o decay product, phi shifting: +10",27,2026-03-19 05:49:49.899633
129864,88608,32472,22158,10000,10000,CWoLa,event-CNN,quark_jet_2_cut_eventCNN_L_3000_aa_w_product_phi_aug_5_07,0.6204430460929871,0.652297272560864,0.6936770326109418,0.6237033605575562,0.68055,0.737477205,"quark jet: = 2, L: 3000 fb^-1, aa, w/ decay product, phi shifting: +5",34,2026-03-19 05:52:21.868057
129864,88608,32472,22158,10000,10000,CWoLa,event-CNN,quark_jet_2_cut_eventCNN_L_3000_aa_w_product_phi_aug_5_08,0.6264811754226685,0.6483250961010434,0.6900641190068122,0.6162445545196533,0.6928,0.74514152,"quark jet: = 2, L: 3000 fb^-1, aa, w/ decay product, phi shifting: +5",38,2026-03-19 06:03:46.575992
238084,162448,59532,40623,10000,10000,CWoLa,event-CNN,quark_jet_2_cut_eventCNN_L_3000_aa_wo_product_case_5_phi_aug_10_06,0.61399245262146,0.6550746343168089,0.6987476708863231,0.6311718225479126,0.68045,0.738863975,"quark jet: = 2, L: 3000 fb^-1, aa, w/o decay product, phi shifting: +10",28,2026-03-19 06:03:55.516576
129864,88608,32472,22158,10000,10000,CWoLa,event-CNN,quark_jet_2_cut_eventCNN_L_3000_aa_w_product_phi_aug_5_09,0.6210930347442627,0.6543657331136739,0.6954241653889719,0.6426798105239868,0.6782,0.7341026,"quark jet: = 2, L: 3000 fb^-1, aa, w/ decay product, phi shifting: +5",39,2026-03-19 06:15:14.881594
238084,162448,59532,40623,10000,10000,CWoLa,event-CNN,quark_jet_2_cut_eventCNN_L_3000_aa_wo_product_case_5_phi_aug_10_07,0.6142745614051819,0.6566821426788478,0.7020446774058045,0.61757493019104,0.69415,0.75216807,"quark jet: = 2, L: 3000 fb^-1, aa, w/o decay product, phi shifting: +10",31,2026-03-19 06:18:33.445931
129864,88608,32472,22158,10000,10000,CWoLa,event-CNN,quark_jet_2_cut_eventCNN_L_3000_aa_w_product_phi_aug_5_10,0.6164122819900513,0.65667215815486,0.6977997128163808,0.6295278072357178,0.6792,0.7364865999999999,"quark jet: = 2, L: 3000 fb^-1, aa, w/ decay product, phi shifting: +5",39,2026-03-19 06:26:53.446268
238084,162448,59532,40623,10000,10000,CWoLa,event-CNN,quark_jet_2_cut_eventCNN_L_3000_aa_wo_product_case_5_phi_aug_10_08,0.62397301197052,0.6451000948529779,0.6849699052638478,0.6169658899307251,0.68985,0.7475981149999998,"quark jet: = 2, L: 3000 fb^-1, aa, w/o decay product, phi shifting: +10",26,2026-03-19 06:31:31.079262
238084,162448,59532,40623,10000,10000,CWoLa,event-CNN,quark_jet_2_cut_eventCNN_L_3000_aa_w_product_phi_aug_10_01,0.6210612058639526,0.6444011781738306,0.6875750606265356,0.6459375619888306,0.67485,0.728660745,"quark jet: = 2, L: 3000 fb^-1, aa, w/ decay product, phi shifting: +10",30,2026-03-19 06:44:02.562936
238084,162448,59532,40623,10000,10000,CWoLa,event-CNN,quark_jet_2_cut_eventCNN_L_3000_aa_wo_product_case_5_phi_aug_10_09,0.6200728416442871,0.6548849283610404,0.6987770177380863,0.6169429421424866,0.6799,0.7448088049999999,"quark jet: = 2, L: 3000 fb^-1, aa, w/o decay product, phi shifting: +10",30,2026-03-19 06:46:08.013672
238084,162448,59532,40623,10000,10000,CWoLa,event-CNN,quark_jet_2_cut_eventCNN_L_3000_aa_wo_product_case_5_phi_aug_10_10,0.6100001931190491,0.6586890320003994,0.703949255273856,0.6267324090003967,0.6874,0.74522985,"quark jet: = 2, L: 3000 fb^-1, aa, w/o decay product, phi shifting: +10",30,2026-03-19 07:00:53.570729
238084,162448,59532,40623,10000,10000,CWoLa,event-CNN,quark_jet_2_cut_eventCNN_L_3000_aa_w_product_phi_aug_10_02,0.6239262223243713,0.6444610853177575,0.686321997216143,0.6242548227310181,0.6843,0.73726095,"quark jet: = 2, L: 3000 fb^-1, aa, w/ decay product, phi shifting: +10",28,2026-03-19 07:01:17.846105
238084,162448,59532,40623,10000,10000,CWoLa,event-CNN,quark_jet_2_cut_eventCNN_L_3000_aa_w_product_phi_aug_10_03,0.6195726990699768,0.6497129449353503,0.6917834361364448,0.6400359272956848,0.67875,0.7305923000000001,"quark jet: = 2, L: 3000 fb^-1, aa, w/ decay product, phi shifting: +10",29,2026-03-19 07:18:28.451640
238084,162448,59532,40623,10000,10000,CWoLa,event-CNN,quark_jet_2_cut_eventCNN_L_3000_aa_w_product_phi_aug_10_04,0.6233822107315063,0.6482452199091409,0.6883803930444616,0.6344613432884216,0.67155,0.727722505,"quark jet: = 2, L: 3000 fb^-1, aa, w/ decay product, phi shifting: +10",27,2026-03-19 07:34:26.068291
238084,162448,59532,40623,10000,10000,CWoLa,event-CNN,quark_jet_2_cut_eventCNN_L_3000_aa_w_product_phi_aug_10_05,0.6252020597457886,0.643662323398732,0.681473266631735,0.6293136477470398,0.68425,0.7417479,"quark jet: = 2, L: 3000 fb^-1, aa, w/ decay product, phi shifting: +10",29,2026-03-19 07:51:31.505481
238084,162448,59532,40623,10000,10000,CWoLa,event-CNN,quark_jet_2_cut_eventCNN_L_3000_aa_w_product_phi_aug_10_06,0.622544527053833,0.6475662722779691,0.6895699047239797,0.6406247615814209,0.68495,0.74244063,"quark jet: = 2, L: 3000 fb^-1, aa, w/ decay product, phi shifting: +10",34,2026-03-19 08:10:04.459949
238084,162448,59532,40623,10000,10000,CWoLa,event-CNN,quark_jet_2_cut_eventCNN_L_3000_aa_w_product_phi_aug_10_07,0.618066132068634,0.6518396485447556,0.6932501623999859,0.6283970475196838,0.68185,0.736518355,"quark jet: = 2, L: 3000 fb^-1, aa, w/ decay product, phi shifting: +10",29,2026-03-19 08:26:55.948576
238084,162448,59532,40623,10000,10000,CWoLa,event-CNN,quark_jet_2_cut_eventCNN_L_3000_aa_w_product_phi_aug_10_08,0.6229120492935181,0.6484349258649094,0.6916283906957178,0.6392679810523987,0.67075,0.7283322699999999,"quark jet: = 2, L: 3000 fb^-1, aa, w/ decay product, phi shifting: +10",35,2026-03-19 08:46:16.003613
238084,162448,59532,40623,10000,10000,CWoLa,event-CNN,quark_jet_2_cut_eventCNN_L_3000_aa_w_product_phi_aug_10_09,0.6222742795944214,0.6498427437471919,0.6918847128883054,0.6306700110435486,0.6767,0.733431985,"quark jet: = 2, L: 3000 fb^-1, aa, w/ decay product, phi shifting: +10",32,2026-03-19 09:04:24.196956
238084,162448,59532,40623,10000,10000,CWoLa,event-CNN,quark_jet_2_cut_eventCNN_L_3000_aa_w_product_phi_aug_10_10,0.6236775517463684,0.6524986271279517,0.693967760047295,0.6559139490127563,0.6701,0.726290455,"quark jet: = 2, L: 3000 fb^-1, aa, w/ decay product, phi shifting: +10",37,2026-03-19 09:24:46.378542
4320,2946,1080,744,10000,10000,CWoLa,event-CNN,quark_jet_2_cut_eventCNN_L_100_aa_wo_product_case_5_dup_5_01,0.6460682153701782,0.6414473684210527,0.655510752688172,0.6377453804016113,0.6558,0.7070247749999999,"quark jet: = 2, L: 100 fb^-1, aa, w/o decay product, duplicating: +5",31,2026-03-20 22:55:32.325956
4320,2946,1080,744,10000,10000,CWoLa,event-CNN,quark_jet_2_cut_eventCNN_L_100_aa_w_product_dup_5_01,0.644492506980896,0.6513157894736842,0.6594534050179212,0.6469849348068237,0.64715,0.700854475,"quark jet: = 2, L: 100 fb^-1, aa, w/ decay product, duplicating: +5",38,2026-03-20 22:55:46.146461
4320,2946,1080,744,10000,10000,CWoLa,event-CNN,quark_jet_2_cut_eventCNN_L_100_aa_wo_product_case_5_dup_5_02,0.6432300806045532,0.6644736842105263,0.6605473416965353,0.6535143852233887,0.64355,0.696054395,"quark jet: = 2, L: 100 fb^-1, aa, w/o decay product, duplicating: +5",38,2026-03-20 22:57:34.240215
4320,2946,1080,744,10000,10000,CWoLa,event-CNN,quark_jet_2_cut_eventCNN_L_100_aa_w_product_dup_5_02,0.657139003276825,0.631578947368421,0.631062076861808,0.6644563674926758,0.6194,0.66071012,"quark jet: = 2, L: 100 fb^-1, aa, w/ decay product, duplicating: +5",38,2026-03-20 22:57:53.424879
4320,2946,1080,744,10000,10000,CWoLa,event-CNN,quark_jet_2_cut_eventCNN_L_100_aa_wo_product_case_5_dup_5_03,0.6534140706062317,0.6381578947368421,0.6263440860215054,0.6645557284355164,0.6622,0.71521038,"quark jet: = 2, L: 100 fb^-1, aa, w/o decay product, duplicating: +5",32,2026-03-20 22:59:03.458988
4320,2946,1080,744,10000,10000,CWoLa,event-CNN,quark_jet_2_cut_eventCNN_L_100_aa_w_product_dup_5_03,0.6585582494735718,0.6282894736842105,0.6147507218239747,0.6689304113388062,0.62265,0.66800354,"quark jet: = 2, L: 100 fb^-1, aa, w/ decay product, duplicating: +5",36,2026-03-20 23:00:32.993587
4320,2946,1080,744,10000,10000,CWoLa,event-CNN,quark_jet_2_cut_eventCNN_L_100_aa_wo_product_case_5_dup_5_04,0.6487857103347778,0.6447368421052632,0.6460511250497809,0.6600061655044556,0.6611,0.7139771850000001,"quark jet: = 2, L: 100 fb^-1, aa, w/o decay product, duplicating: +5",34,2026-03-20 23:00:35.633978
4320,2946,1080,744,10000,10000,CWoLa,event-CNN,quark_jet_2_cut_eventCNN_L_100_aa_wo_product_case_5_dup_5_05,0.6830435395240784,0.6052631578947368,0.55992756869773,0.6754987239837646,0.60885,0.64997856,"quark jet: = 2, L: 100 fb^-1, aa, w/o decay product, duplicating: +5",26,2026-03-20 23:01:56.869217
4320,2946,1080,744,10000,10000,CWoLa,event-CNN,quark_jet_2_cut_eventCNN_L_100_aa_w_product_dup_5_04,0.6650596261024475,0.625,0.6003584229390682,0.6828614473342896,0.6139,0.658245395,"quark jet: = 2, L: 100 fb^-1, aa, w/ decay product, duplicating: +5",38,2026-03-20 23:03:10.785239
4320,2946,1080,744,10000,10000,CWoLa,event-CNN,quark_jet_2_cut_eventCNN_L_100_aa_wo_product_case_5_dup_5_06,0.6293981671333313,0.6546052631578947,0.6821460573476703,0.6438748240470886,0.6535,0.71106693,"quark jet: = 2, L: 100 fb^-1, aa, w/o decay product, duplicating: +5",36,2026-03-20 23:03:30.151269
4320,2946,1080,744,10000,10000,CWoLa,event-CNN,quark_jet_2_cut_eventCNN_L_100_aa_w_product_dup_5_05,0.6751584410667419,0.6217105263157895,0.5954325965750698,0.6689813733100891,0.6024,0.6413369,"quark jet: = 2, L: 100 fb^-1, aa, w/ decay product, duplicating: +5",33,2026-03-20 23:05:02.921931
4320,2946,1080,744,10000,10000,CWoLa,event-CNN,quark_jet_2_cut_eventCNN_L_100_aa_wo_product_case_5_dup_5_07,0.6593075394630432,0.618421052631579,0.6185035842293907,0.6778498291969299,0.6513,0.705897695,"quark jet: = 2, L: 100 fb^-1, aa, w/o decay product, duplicating: +5",30,2026-03-20 23:05:16.335070
4320,2946,1080,744,10000,10000,CWoLa,event-CNN,quark_jet_2_cut_eventCNN_L_100_aa_wo_product_case_5_dup_5_08,0.6464979648590088,0.6677631578947368,0.6457300378335324,0.6641585230827332,0.6541,0.70457839,"quark jet: = 2, L: 100 fb^-1, aa, w/o decay product, duplicating: +5",30,2026-03-20 23:06:59.925037
4320,2946,1080,744,10000,10000,CWoLa,event-CNN,quark_jet_2_cut_eventCNN_L_100_aa_w_product_dup_5_06,0.6547996401786804,0.6447368421052632,0.644668458781362,0.6682389378547668,0.6378,0.685119955,"quark jet: = 2, L: 100 fb^-1, aa, w/ decay product, duplicating: +5",39,2026-03-20 23:07:01.101570
4320,2946,1080,744,10000,10000,CWoLa,event-CNN,quark_jet_2_cut_eventCNN_L_100_aa_wo_product_case_5_dup_5_09,0.6608383655548096,0.631578947368421,0.6196161887694145,0.6426417827606201,0.67155,0.72853198,"quark jet: = 2, L: 100 fb^-1, aa, w/o decay product, duplicating: +5",34,2026-03-20 23:08:49.762531
4320,2946,1080,744,10000,10000,CWoLa,event-CNN,quark_jet_2_cut_eventCNN_L_100_aa_w_product_dup_5_07,0.6579012274742126,0.6381578947368421,0.6237903225806452,0.6708181500434875,0.60365,0.63984347,"quark jet: = 2, L: 100 fb^-1, aa, w/ decay product, duplicating: +5",31,2026-03-20 23:08:51.656952
4320,2946,1080,744,10000,10000,CWoLa,event-CNN,quark_jet_2_cut_eventCNN_L_100_aa_wo_product_case_5_dup_5_10,0.677993893623352,0.6085526315789473,0.584274193548387,0.6360737085342407,0.672,0.7264324850000001,"quark jet: = 2, L: 100 fb^-1, aa, w/o decay product, duplicating: +5",32,2026-03-20 23:10:37.213758
4320,2946,1080,744,10000,10000,CWoLa,event-CNN,quark_jet_2_cut_eventCNN_L_100_aa_w_product_dup_5_08,0.645200788974762,0.6644736842105263,0.649910394265233,0.6614000201225281,0.62495,0.667652065,"quark jet: = 2, L: 100 fb^-1, aa, w/ decay product, duplicating: +5",36,2026-03-20 23:10:45.265968
12972,8850,3252,2220,10000,10000,CWoLa,event-CNN,quark_jet_2_cut_eventCNN_L_300_aa_wo_product_case_5_dup_5_01,0.657552182674408,0.6197002923976608,0.6232173132542137,0.6392936706542969,0.669,0.72503378,"quark jet: = 2, L: 300 fb^-1, aa, w/o decay product, duplicating: +5",29,2026-03-20 23:12:32.605213
4320,2946,1080,744,10000,10000,CWoLa,event-CNN,quark_jet_2_cut_eventCNN_L_100_aa_w_product_dup_5_09,0.666437029838562,0.6085526315789473,0.5938470728793309,0.6815153360366821,0.60135,0.6342683,"quark jet: = 2, L: 100 fb^-1, aa, w/ decay product, duplicating: +5",31,2026-03-20 23:13:10.357124
12972,8850,3252,2220,10000,10000,CWoLa,event-CNN,quark_jet_2_cut_eventCNN_L_300_aa_wo_product_case_5_dup_5_02,0.651777446269989,0.6195175438596491,0.6297446893387852,0.6465134024620056,0.66085,0.718279895,"quark jet: = 2, L: 300 fb^-1, aa, w/o decay product, duplicating: +5",26,2026-03-20 23:14:21.726550
4320,2946,1080,744,10000,10000,CWoLa,event-CNN,quark_jet_2_cut_eventCNN_L_100_aa_w_product_dup_5_10,0.6870559453964233,0.5986842105263158,0.4908602150537634,0.6899747848510742,0.57055,0.5885822300000001,"quark jet: = 2, L: 100 fb^-1, aa, w/ decay product, duplicating: +5",25,2026-03-20 23:15:06.587618
12972,8850,3252,2220,10000,10000,CWoLa,event-CNN,quark_jet_2_cut_eventCNN_L_300_aa_wo_product_case_5_dup_5_03,0.6607455611228943,0.6195175438596491,0.6109205146105515,0.674342155456543,0.6779,0.73639144,"quark jet: = 2, L: 300 fb^-1, aa, w/o decay product, duplicating: +5",28,2026-03-20 23:16:22.258185
12972,8850,3252,2220,10000,10000,CWoLa,event-CNN,quark_jet_2_cut_eventCNN_L_300_aa_w_product_dup_5_01,0.6599937677383423,0.6381578947368421,0.6356803297762708,0.6334066390991211,0.6619,0.71709278,"quark jet: = 2, L: 300 fb^-1, aa, w/ decay product, duplicating: +5",34,2026-03-20 23:17:46.727073
12972,8850,3252,2220,10000,10000,CWoLa,event-CNN,quark_jet_2_cut_eventCNN_L_300_aa_wo_product_case_5_dup_5_04,0.641315758228302,0.6458333333333334,0.6568598118413617,0.6318944096565247,0.67375,0.7308690849999999,"quark jet: = 2, L: 300 fb^-1, aa, w/o decay product, duplicating: +5",34,2026-03-20 23:18:45.192387
12972,8850,3252,2220,10000,10000,CWoLa,event-CNN,quark_jet_2_cut_eventCNN_L_300_aa_w_product_dup_5_02,0.6581698656082153,0.6173245614035088,0.6282744922043815,0.652582585811615,0.64645,0.69714337,"quark jet: = 2, L: 300 fb^-1, aa, w/ decay product, duplicating: +5",31,2026-03-20 23:20:02.915945
12972,8850,3252,2220,10000,10000,CWoLa,event-CNN,quark_jet_2_cut_eventCNN_L_300_aa_wo_product_case_5_dup_5_05,0.6443219184875488,0.6447368421052632,0.6633709816827897,0.6283518671989441,0.67045,0.7237535500000001,"quark jet: = 2, L: 300 fb^-1, aa, w/o decay product, duplicating: +5",32,2026-03-20 23:21:00.165644
12972,8850,3252,2220,10000,10000,CWoLa,event-CNN,quark_jet_2_cut_eventCNN_L_300_aa_w_product_dup_5_03,0.6643986701965332,0.6217105263157895,0.6037847810910542,0.65415358543396,0.66245,0.7193207250000001,"quark jet: = 2, L: 300 fb^-1, aa, w/ decay product, duplicating: +5",34,2026-03-20 23:22:22.670265
12972,8850,3252,2220,10000,10000,CWoLa,event-CNN,quark_jet_2_cut_eventCNN_L_300_aa_wo_product_case_5_dup_5_06,0.6620092391967773,0.6326754385964912,0.6263471959043914,0.6291072964668274,0.66495,0.72357916,"quark jet: = 2, L: 300 fb^-1, aa, w/o decay product, duplicating: +5",30,2026-03-20 23:23:14.085118
12972,8850,3252,2220,10000,10000,CWoLa,event-CNN,quark_jet_2_cut_eventCNN_L_300_aa_w_product_dup_5_04,0.6424030661582947,0.6403508771929824,0.6551020577773345,0.6384243965148926,0.66395,0.7210854200000001,"quark jet: = 2, L: 300 fb^-1, aa, w/ decay product, duplicating: +5",31,2026-03-20 23:24:42.170897
12972,8850,3252,2220,10000,10000,CWoLa,event-CNN,quark_jet_2_cut_eventCNN_L_300_aa_wo_product_case_5_dup_5_07,0.6494157910346985,0.6348684210526315,0.640122502576377,0.6327157020568848,0.67145,0.7293860799999999,"quark jet: = 2, L: 300 fb^-1, aa, w/o decay product, duplicating: +5",31,2026-03-20 23:25:34.576623
12972,8850,3252,2220,10000,10000,CWoLa,event-CNN,quark_jet_2_cut_eventCNN_L_300_aa_w_product_dup_5_05,0.6476576328277588,0.6381578947368421,0.6409402945380805,0.6668611168861389,0.6524,0.703989375,"quark jet: = 2, L: 300 fb^-1, aa, w/ decay product, duplicating: +5",36,2026-03-20 23:27:14.017671
12972,8850,3252,2220,10000,10000,CWoLa,event-CNN,quark_jet_2_cut_eventCNN_L_300_aa_wo_product_case_5_dup_5_08,0.6535433530807495,0.6228070175438597,0.629987367441242,0.6310274004936218,0.6744,0.730098545,"quark jet: = 2, L: 300 fb^-1, aa, w/o decay product, duplicating: +5",27,2026-03-20 23:27:26.531327
12972,8850,3252,2220,10000,10000,CWoLa,event-CNN,quark_jet_2_cut_eventCNN_L_300_aa_wo_product_case_5_dup_5_09,0.6643067002296448,0.6052631578947368,0.61535936305309,0.6539532542228699,0.6698,0.73043736,"quark jet: = 2, L: 300 fb^-1, aa, w/o decay product, duplicating: +5",27,2026-03-20 23:29:11.871373
12972,8850,3252,2220,10000,10000,CWoLa,event-CNN,quark_jet_2_cut_eventCNN_L_300_aa_w_product_dup_5_06,0.6608317494392395,0.6173245614035088,0.6034614873175759,0.6589486598968506,0.64115,0.68997151,"quark jet: = 2, L: 300 fb^-1, aa, w/ decay product, duplicating: +5",29,2026-03-20 23:30:18.153929
12972,8850,3252,2220,10000,10000,CWoLa,event-CNN,quark_jet_2_cut_eventCNN_L_300_aa_wo_product_case_5_dup_5_10,0.6731513738632202,0.6129385964912281,0.611370965061002,0.6272417902946472,0.66565,0.7204522149999999,"quark jet: = 2, L: 300 fb^-1, aa, w/o decay product, duplicating: +5",30,2026-03-20 23:31:04.590371
12972,8850,3252,2220,10000,10000,CWoLa,event-CNN,quark_jet_2_cut_eventCNN_L_300_aa_w_product_dup_5_07,0.6437829732894897,0.6425438596491229,0.6488929889298893,0.6554039120674133,0.65385,0.7063585,"quark jet: = 2, L: 300 fb^-1, aa, w/ decay product, duplicating: +5",30,2026-03-20 23:32:39.532357
38952,26574,9744,6648,10000,10000,CWoLa,event-CNN,quark_jet_2_cut_eventCNN_L_900_aa_wo_product_case_5_dup_5_01,0.6388671398162842,0.6409224011713031,0.6671702626961403,0.6240376234054565,0.67635,0.7396699449999999,"quark jet: = 2, L: 900 fb^-1, aa, w/o decay product, duplicating: +5",31,2026-03-20 23:34:49.638679
12972,8850,3252,2220,10000,10000,CWoLa,event-CNN,quark_jet_2_cut_eventCNN_L_300_aa_w_product_dup_5_08,0.6541781425476074,0.6140350877192983,0.6228142348991058,0.6600668430328369,0.65335,0.703653535,"quark jet: = 2, L: 300 fb^-1, aa, w/ decay product, duplicating: +5",30,2026-03-20 23:35:32.238432
38952,26574,9744,6648,10000,10000,CWoLa,event-CNN,quark_jet_2_cut_eventCNN_L_900_aa_wo_product_case_5_dup_5_02,0.6533856987953186,0.6277452415812591,0.6385429078266437,0.6278395056724548,0.6708,0.729909525,"quark jet: = 2, L: 900 fb^-1, aa, w/o decay product, duplicating: +5",27,2026-03-20 23:37:49.282028
12972,8850,3252,2220,10000,10000,CWoLa,event-CNN,quark_jet_2_cut_eventCNN_L_300_aa_w_product_dup_5_09,0.6750209927558899,0.6109283625730995,0.5914630497656328,0.6432337164878845,0.64895,0.704287105,"quark jet: = 2, L: 300 fb^-1, aa, w/ decay product, duplicating: +5",29,2026-03-20 23:38:28.609937
38952,26574,9744,6648,10000,10000,CWoLa,event-CNN,quark_jet_2_cut_eventCNN_L_900_aa_wo_product_case_5_dup_5_03,0.6429324150085449,0.6346998535871157,0.6645655865981398,0.6364837288856506,0.65735,0.710213495,"quark jet: = 2, L: 900 fb^-1, aa, w/o decay product, duplicating: +5",32,2026-03-20 23:41:13.045687
12972,8850,3252,2220,10000,10000,CWoLa,event-CNN,quark_jet_2_cut_eventCNN_L_300_aa_w_product_dup_5_10,0.6662390828132629,0.6107456140350878,0.6139323825670688,0.6364274621009827,0.6647,0.717228185,"quark jet: = 2, L: 300 fb^-1, aa, w/ decay product, duplicating: +5",33,2026-03-20 23:41:18.375400
38952,26574,9744,6648,10000,10000,CWoLa,event-CNN,quark_jet_2_cut_eventCNN_L_900_aa_wo_product_case_5_dup_5_04,0.6474341750144958,0.62298682284041,0.644844758674041,0.6271083354949951,0.6767,0.732141685,"quark jet: = 2, L: 900 fb^-1, aa, w/o decay product, duplicating: +5",28,2026-03-20 23:44:15.079179
38952,26574,9744,6648,10000,10000,CWoLa,event-CNN,quark_jet_2_cut_eventCNN_L_900_aa_w_product_dup_5_01,0.6504452228546143,0.6310395314787701,0.6399910821729413,0.6271684169769287,0.67855,0.7389646799999999,"quark jet: = 2, L: 900 fb^-1, aa, w/ decay product, duplicating: +5",29,2026-03-20 23:45:58.366173
38952,26574,9744,6648,10000,10000,CWoLa,event-CNN,quark_jet_2_cut_eventCNN_L_900_aa_wo_product_case_5_dup_5_05,0.6439149975776672,0.6321376281112738,0.6560120492551559,0.6341935396194458,0.6708,0.7267204099999999,"quark jet: = 2, L: 900 fb^-1, aa, w/o decay product, duplicating: +5",27,2026-03-20 23:47:19.649081
38952,26574,9744,6648,10000,10000,CWoLa,event-CNN,quark_jet_2_cut_eventCNN_L_900_aa_w_product_dup_5_02,0.657200276851654,0.6259150805270863,0.6423244629297007,0.6435145139694214,0.65895,0.7165921199999999,"quark jet: = 2, L: 900 fb^-1, aa, w/ decay product, duplicating: +5",37,2026-03-20 23:50:34.646715
38952,26574,9744,6648,10000,10000,CWoLa,event-CNN,quark_jet_2_cut_eventCNN_L_900_aa_wo_product_case_5_dup_5_06,0.6405377388000488,0.6303074670571011,0.6573198984249494,0.6346914172172546,0.6713,0.7331089500000001,"quark jet: = 2, L: 900 fb^-1, aa, w/o decay product, duplicating: +5",26,2026-03-20 23:51:01.085267
38952,26574,9744,6648,10000,10000,CWoLa,event-CNN,quark_jet_2_cut_eventCNN_L_900_aa_wo_product_case_5_dup_5_07,0.6383838057518005,0.6365300146412884,0.6659700424736059,0.6376234889030457,0.66465,0.721154785,"quark jet: = 2, L: 900 fb^-1, aa, w/o decay product, duplicating: +5",30,2026-03-20 23:54:47.453443
38952,26574,9744,6648,10000,10000,CWoLa,event-CNN,quark_jet_2_cut_eventCNN_L_900_aa_w_product_dup_5_03,0.6381649971008301,0.6379941434846267,0.6601380725637697,0.6604364514350891,0.6634,0.717577545,"quark jet: = 2, L: 900 fb^-1, aa, w/ decay product, duplicating: +5",36,2026-03-20 23:54:57.849295
38952,26574,9744,6648,10000,10000,CWoLa,event-CNN,quark_jet_2_cut_eventCNN_L_900_aa_wo_product_case_5_dup_5_08,0.6513798236846924,0.6174963396778916,0.6320902653044287,0.646747350692749,0.6806,0.74151137,"quark jet: = 2, L: 900 fb^-1, aa, w/o decay product, duplicating: +5",25,2026-03-20 23:57:53.500764
38952,26574,9744,6648,10000,10000,CWoLa,event-CNN,quark_jet_2_cut_eventCNN_L_900_aa_w_product_dup_5_04,0.6547608971595764,0.6204245973645681,0.6361194040357335,0.6279597878456116,0.67675,0.73547067,"quark jet: = 2, L: 900 fb^-1, aa, w/ decay product, duplicating: +5",30,2026-03-20 23:59:33.746290
38952,26574,9744,6648,10000,10000,CWoLa,event-CNN,quark_jet_2_cut_eventCNN_L_900_aa_wo_product_case_5_dup_5_09,0.6487489342689514,0.6306734992679356,0.6575170946630862,0.6420788168907166,0.6622,0.7188439750000001,"quark jet: = 2, L: 900 fb^-1, aa, w/o decay product, duplicating: +5",31,2026-03-21 00:01:24.356486
38952,26574,9744,6648,10000,10000,CWoLa,event-CNN,quark_jet_2_cut_eventCNN_L_900_aa_w_product_dup_5_05,0.6446120738983154,0.6277452415812591,0.6531042152015791,0.6411126852035522,0.6606,0.71862579,"quark jet: = 2, L: 900 fb^-1, aa, w/ decay product, duplicating: +5",34,2026-03-21 00:04:33.933128
38952,26574,9744,6648,10000,10000,CWoLa,event-CNN,quark_jet_2_cut_eventCNN_L_900_aa_wo_product_case_5_dup_5_10,0.6513010859489441,0.6295754026354319,0.6504186784573159,0.6337451338768005,0.6681,0.72943878,"quark jet: = 2, L: 900 fb^-1, aa, w/o decay product, duplicating: +5",32,2026-03-21 00:05:26.251758
38952,26574,9744,6648,10000,10000,CWoLa,event-CNN,quark_jet_2_cut_eventCNN_L_900_aa_w_product_dup_5_06,0.6478757262229919,0.6354319180087847,0.6477876045538344,0.6325646638870239,0.66955,0.7299868700000001,"quark jet: = 2, L: 900 fb^-1, aa, w/ decay product, duplicating: +5",29,2026-03-21 00:08:22.529397
77910,53160,19488,13296,10000,10000,CWoLa,event-CNN,quark_jet_2_cut_eventCNN_L_1800_aa_wo_product_case_5_dup_5_01,0.6538593769073486,0.6253660322108345,0.6529417529180226,0.6113337874412537,0.6815,0.740225365,"quark jet: = 2, L: 1800 fb^-1, aa, w/o decay product, duplicating: +5",27,2026-03-21 00:11:04.766673
38952,26574,9744,6648,10000,10000,CWoLa,event-CNN,quark_jet_2_cut_eventCNN_L_900_aa_w_product_dup_5_07,0.6441631317138672,0.6281112737920937,0.6609664079125985,0.6284553408622742,0.66225,0.71958525,"quark jet: = 2, L: 900 fb^-1, aa, w/ decay product, duplicating: +5",38,2026-03-21 00:12:47.748945
77910,53160,19488,13296,10000,10000,CWoLa,event-CNN,quark_jet_2_cut_eventCNN_L_1800_aa_wo_product_case_5_dup_5_02,0.6341144442558289,0.6330527086383602,0.6680296038884245,0.6265341639518738,0.6784,0.7399764,"quark jet: = 2, L: 1800 fb^-1, aa, w/o decay product, duplicating: +5",26,2026-03-21 00:16:35.048812
38952,26574,9744,6648,10000,10000,CWoLa,event-CNN,quark_jet_2_cut_eventCNN_L_900_aa_w_product_dup_5_08,0.6481964588165283,0.626281112737921,0.6396816257936014,0.655880331993103,0.6784,0.73941585,"quark jet: = 2, L: 900 fb^-1, aa, w/ decay product, duplicating: +5",31,2026-03-21 00:16:39.522487
38952,26574,9744,6648,10000,10000,CWoLa,event-CNN,quark_jet_2_cut_eventCNN_L_900_aa_w_product_dup_5_09,0.6508709788322449,0.6207906295754027,0.6332833534882893,0.6411084532737732,0.6724,0.73303779,"quark jet: = 2, L: 900 fb^-1, aa, w/ decay product, duplicating: +5",28,2026-03-21 00:20:26.600963
77910,53160,19488,13296,10000,10000,CWoLa,event-CNN,quark_jet_2_cut_eventCNN_L_1800_aa_wo_product_case_5_dup_5_03,0.6435731649398804,0.6416544655929722,0.6588108881592596,0.6188993453979492,0.6825,0.7422210650000001,"quark jet: = 2, L: 1800 fb^-1, aa, w/o decay product, duplicating: +5",26,2026-03-21 00:22:04.459925
38952,26574,9744,6648,10000,10000,CWoLa,event-CNN,quark_jet_2_cut_eventCNN_L_900_aa_w_product_dup_5_10,0.653980553150177,0.6317715959004392,0.6300575416585158,0.6416988968849182,0.67685,0.73756103,"quark jet: = 2, L: 900 fb^-1, aa, w/ decay product, duplicating: +5",29,2026-03-21 00:24:18.814488
77910,53160,19488,13296,10000,10000,CWoLa,event-CNN,quark_jet_2_cut_eventCNN_L_1800_aa_wo_product_case_5_dup_5_04,0.6343863010406494,0.6392752562225475,0.6719635021162703,0.6364363431930542,0.66945,0.72433,"quark jet: = 2, L: 1800 fb^-1, aa, w/o decay product, duplicating: +5",29,2026-03-21 00:27:53.344916
77910,53160,19488,13296,10000,10000,CWoLa,event-CNN,quark_jet_2_cut_eventCNN_L_1800_aa_w_product_dup_5_01,0.6488829255104065,0.6220717423133236,0.6480631142815647,0.6238829493522644,0.6775,0.7378620699999999,"quark jet: = 2, L: 1800 fb^-1, aa, w/ decay product, duplicating: +5",29,2026-03-21 00:30:35.834875
77910,53160,19488,13296,10000,10000,CWoLa,event-CNN,quark_jet_2_cut_eventCNN_L_1800_aa_wo_product_case_5_dup_5_05,0.6410800218582153,0.6372620790629575,0.6645579219721625,0.638968825340271,0.6749,0.72886359,"quark jet: = 2, L: 1800 fb^-1, aa, w/o decay product, duplicating: +5",31,2026-03-21 00:34:02.873904
77910,53160,19488,13296,10000,10000,CWoLa,event-CNN,quark_jet_2_cut_eventCNN_L_1800_aa_w_product_dup_5_02,0.640214741230011,0.6310395314787701,0.6535284788787916,0.6318459510803223,0.686,0.7484403049999999,"quark jet: = 2, L: 1800 fb^-1, aa, w/ decay product, duplicating: +5",28,2026-03-21 00:36:57.339139
77910,53160,19488,13296,10000,10000,CWoLa,event-CNN,quark_jet_2_cut_eventCNN_L_1800_aa_wo_product_case_5_dup_5_06,0.6514496207237244,0.638177159590044,0.6599045677651117,0.6328429579734802,0.6667,0.7247785299999999,"quark jet: = 2, L: 1800 fb^-1, aa, w/o decay product, duplicating: +5",30,2026-03-21 00:39:24.509366
77910,53160,19488,13296,10000,10000,CWoLa,event-CNN,quark_jet_2_cut_eventCNN_L_1800_aa_w_product_dup_5_03,0.6418840289115906,0.6359809663250366,0.661103977528706,0.6652348041534424,0.66215,0.7175926349999999,"quark jet: = 2, L: 1800 fb^-1, aa, w/ decay product, duplicating: +5",31,2026-03-21 00:44:09.697586
77910,53160,19488,13296,10000,10000,CWoLa,event-CNN,quark_jet_2_cut_eventCNN_L_1800_aa_wo_product_case_5_dup_5_07,0.6441560387611389,0.6332357247437774,0.6660787134395025,0.6454684138298035,0.6766,0.7302654500000001,"quark jet: = 2, L: 1800 fb^-1, aa, w/o decay product, duplicating: +5",31,2026-03-21 00:45:09.469025
77910,53160,19488,13296,10000,10000,CWoLa,event-CNN,quark_jet_2_cut_eventCNN_L_1800_aa_w_product_dup_5_04,0.643057107925415,0.6315885797950219,0.6574219699394759,0.6284903883934021,0.66925,0.7277191199999999,"quark jet: = 2, L: 1800 fb^-1, aa, w/ decay product, duplicating: +5",29,2026-03-21 00:50:14.701707
77910,53160,19488,13296,10000,10000,CWoLa,event-CNN,quark_jet_2_cut_eventCNN_L_1800_aa_wo_product_case_5_dup_5_08,0.6258600950241089,0.6465959004392386,0.6840237795136728,0.6246137619018555,0.67675,0.7364817899999999,"quark jet: = 2, L: 1800 fb^-1, aa, w/o decay product, duplicating: +5",31,2026-03-21 00:51:17.391473
77910,53160,19488,13296,10000,10000,CWoLa,event-CNN,quark_jet_2_cut_eventCNN_L_1800_aa_w_product_dup_5_05,0.654891312122345,0.6125549048316252,0.6350290820454909,0.6259204745292664,0.6821,0.7401806750000001,"quark jet: = 2, L: 1800 fb^-1, aa, w/ decay product, duplicating: +5",26,2026-03-21 00:56:06.666452
77910,53160,19488,13296,10000,10000,CWoLa,event-CNN,quark_jet_2_cut_eventCNN_L_1800_aa_wo_product_case_5_dup_5_09,0.6352569460868835,0.6317715959004392,0.664493756780068,0.6304070949554443,0.67705,0.73807614,"quark jet: = 2, L: 1800 fb^-1, aa, w/o decay product, duplicating: +5",28,2026-03-21 00:57:01.869789
77910,53160,19488,13296,10000,10000,CWoLa,event-CNN,quark_jet_2_cut_eventCNN_L_1800_aa_wo_product_case_5_dup_5_10,0.6319284439086914,0.6431185944363104,0.6781656202020832,0.6243240833282471,0.6825,0.734095505,"quark jet: = 2, L: 1800 fb^-1, aa, w/o decay product, duplicating: +5",28,2026-03-21 01:02:49.081258
77910,53160,19488,13296,10000,10000,CWoLa,event-CNN,quark_jet_2_cut_eventCNN_L_1800_aa_w_product_dup_5_06,0.6440569758415222,0.6345168374816984,0.657339789402939,0.6223635077476501,0.6692,0.7277720550000001,"quark jet: = 2, L: 1800 fb^-1, aa, w/ decay product, duplicating: +5",35,2026-03-21 01:03:08.387189
77910,53160,19488,13296,10000,10000,CWoLa,event-CNN,quark_jet_2_cut_eventCNN_L_1800_aa_w_product_dup_5_07,0.6443608999252319,0.628294289897511,0.6555047714264967,0.6382012963294983,0.67445,0.728358745,"quark jet: = 2, L: 1800 fb^-1, aa, w/ decay product, duplicating: +5",33,2026-03-21 01:10:43.192860
129864,88608,32472,22158,10000,10000,CWoLa,event-CNN,quark_jet_2_cut_eventCNN_L_3000_aa_wo_product_case_5_dup_5_01,0.6432105302810669,0.6317224967966318,0.6658671026005734,0.6420027613639832,0.67385,0.7240092399999999,"quark jet: = 2, L: 3000 fb^-1, aa, w/o decay product, duplicating: +5",30,2026-03-21 01:11:06.919844
77910,53160,19488,13296,10000,10000,CWoLa,event-CNN,quark_jet_2_cut_eventCNN_L_1800_aa_w_product_dup_5_08,0.6380981206893921,0.6374450951683748,0.6652771927036094,0.6410802006721497,0.67855,0.73947596,"quark jet: = 2, L: 1800 fb^-1, aa, w/ decay product, duplicating: +5",31,2026-03-21 01:17:37.604657
129864,88608,32472,22158,10000,10000,CWoLa,event-CNN,quark_jet_2_cut_eventCNN_L_3000_aa_wo_product_case_5_dup_5_02,0.6341835260391235,0.6356946732564525,0.6697486528751018,0.6498624086380005,0.6727,0.7267403299999999,"quark jet: = 2, L: 3000 fb^-1, aa, w/o decay product, duplicating: +5",29,2026-03-21 01:19:53.883452
77910,53160,19488,13296,10000,10000,CWoLa,event-CNN,quark_jet_2_cut_eventCNN_L_1800_aa_w_product_dup_5_09,0.6455546617507935,0.6325036603221084,0.6608221230652724,0.6633607149124146,0.6647,0.71839546,"quark jet: = 2, L: 1800 fb^-1, aa, w/ decay product, duplicating: +5",36,2026-03-21 01:25:34.674672
129864,88608,32472,22158,10000,10000,CWoLa,event-CNN,quark_jet_2_cut_eventCNN_L_3000_aa_wo_product_case_5_dup_5_03,0.6289622187614441,0.6476661175178473,0.6865536369620397,0.6454039812088013,0.6681,0.7238273049999999,"quark jet: = 2, L: 3000 fb^-1, aa, w/o decay product, duplicating: +5",30,2026-03-21 01:28:16.391819
77910,53160,19488,13296,10000,10000,CWoLa,event-CNN,quark_jet_2_cut_eventCNN_L_1800_aa_w_product_dup_5_10,0.6411186456680298,0.6310395314787701,0.6617799697527461,0.6527528762817383,0.6684,0.7221687149999999,"quark jet: = 2, L: 1800 fb^-1, aa, w/ decay product, duplicating: +5",32,2026-03-21 01:32:15.385462
129864,88608,32472,22158,10000,10000,CWoLa,event-CNN,quark_jet_2_cut_eventCNN_L_3000_aa_wo_product_case_5_dup_5_04,0.6346353888511658,0.6461101958630789,0.6805687227662224,0.6363869309425354,0.6725,0.724671055,"quark jet: = 2, L: 3000 fb^-1, aa, w/o decay product, duplicating: +5",28,2026-03-21 01:36:10.367758
129864,88608,32472,22158,10000,10000,CWoLa,event-CNN,quark_jet_2_cut_eventCNN_L_3000_aa_w_product_dup_5_01,0.6399990320205688,0.627677100494234,0.6596099798817696,0.6424086093902588,0.68135,0.7405227600000001,"quark jet: = 2, L: 3000 fb^-1, aa, w/ decay product, duplicating: +5",28,2026-03-21 01:43:08.031529
129864,88608,32472,22158,10000,10000,CWoLa,event-CNN,quark_jet_2_cut_eventCNN_L_3000_aa_wo_product_case_5_dup_5_05,0.6331079602241516,0.6403075233388248,0.673247770313412,0.6653048992156982,0.6791,0.738787115,"quark jet: = 2, L: 3000 fb^-1, aa, w/o decay product, duplicating: +5",28,2026-03-21 01:45:12.341186
129864,88608,32472,22158,10000,10000,CWoLa,event-CNN,quark_jet_2_cut_eventCNN_L_3000_aa_w_product_dup_5_02,0.6449974775314331,0.6333882482152663,0.6679925689233014,0.6183874607086182,0.67535,0.7319304300000001,"quark jet: = 2, L: 3000 fb^-1, aa, w/ decay product, duplicating: +5",29,2026-03-21 01:52:34.224687
129864,88608,32472,22158,10000,10000,CWoLa,event-CNN,quark_jet_2_cut_eventCNN_L_3000_aa_wo_product_case_5_dup_5_06,0.633149266242981,0.6444627494050887,0.6787611957982072,0.6673387289047241,0.68015,0.7367102350000001,"quark jet: = 2, L: 3000 fb^-1, aa, w/o decay product, duplicating: +5",30,2026-03-21 01:54:30.878377
129864,88608,32472,22158,10000,10000,CWoLa,event-CNN,quark_jet_2_cut_eventCNN_L_3000_aa_w_product_dup_5_03,0.6283162832260132,0.6436024162548051,0.6809092231649245,0.6335152387619019,0.6777,0.735677855,"quark jet: = 2, L: 3000 fb^-1, aa, w/ decay product, duplicating: +5",28,2026-03-21 02:02:15.989139
129864,88608,32472,22158,10000,10000,CWoLa,event-CNN,quark_jet_2_cut_eventCNN_L_3000_aa_wo_product_case_5_dup_5_07,0.6285796165466309,0.6474464579901154,0.6850779253706183,0.6244936585426331,0.6863,0.74234627,"quark jet: = 2, L: 3000 fb^-1, aa, w/o decay product, duplicating: +5",31,2026-03-21 02:03:49.174960
129864,88608,32472,22158,10000,10000,CWoLa,event-CNN,quark_jet_2_cut_eventCNN_L_3000_aa_w_product_dup_5_04,0.639377236366272,0.6440417353102691,0.6720028893479985,0.6377583146095276,0.66615,0.719414915,"quark jet: = 2, L: 3000 fb^-1, aa, w/ decay product, duplicating: +5",31,2026-03-21 02:12:07.048502
129864,88608,32472,22158,10000,10000,CWoLa,event-CNN,quark_jet_2_cut_eventCNN_L_3000_aa_wo_product_case_5_dup_5_08,0.6453253030776978,0.6364634816035145,0.6695542009422752,0.6599301695823669,0.6671,0.7182097849999999,"quark jet: = 2, L: 3000 fb^-1, aa, w/o decay product, duplicating: +5",31,2026-03-21 02:13:21.956495
129864,88608,32472,22158,10000,10000,CWoLa,event-CNN,quark_jet_2_cut_eventCNN_L_3000_aa_w_product_dup_5_05,0.636116623878479,0.6383305875892367,0.6642155808112495,0.6340323686599731,0.6853,0.745057455,"quark jet: = 2, L: 3000 fb^-1, aa, w/ decay product, duplicating: +5",28,2026-03-21 02:21:07.953602
129864,88608,32472,22158,10000,10000,CWoLa,event-CNN,quark_jet_2_cut_eventCNN_L_3000_aa_wo_product_case_5_dup_5_09,0.6266099810600281,0.6498627127951675,0.6827786710466863,0.6274727582931519,0.68115,0.7404588300000001,"quark jet: = 2, L: 3000 fb^-1, aa, w/o decay product, duplicating: +5",27,2026-03-21 02:21:52.736110
129864,88608,32472,22158,10000,10000,CWoLa,event-CNN,quark_jet_2_cut_eventCNN_L_3000_aa_w_product_dup_5_06,0.6399762034416199,0.6324180853011167,0.6592903185327548,0.6199316382408142,0.6902,0.7523776050000001,"quark jet: = 2, L: 3000 fb^-1, aa, w/ decay product, duplicating: +5",27,2026-03-21 02:30:01.417248
129864,88608,32472,22158,10000,10000,CWoLa,event-CNN,quark_jet_2_cut_eventCNN_L_3000_aa_wo_product_case_5_dup_5_10,0.6360561847686768,0.6495332235035695,0.6841458094380565,0.6193848848342896,0.6773,0.7286445349999999,"quark jet: = 2, L: 3000 fb^-1, aa, w/o decay product, duplicating: +5",32,2026-03-21 02:31:25.602518
129864,88608,32472,22158,10000,10000,CWoLa,event-CNN,quark_jet_2_cut_eventCNN_L_3000_aa_w_product_dup_5_07,0.6343824863433838,0.6472267984623833,0.6810166455891229,0.6305705308914185,0.6714,0.721251145,"quark jet: = 2, L: 3000 fb^-1, aa, w/ decay product, duplicating: +5",30,2026-03-21 02:39:54.147559
129864,88608,32472,22158,10000,10000,CWoLa,event-CNN,quark_jet_2_cut_eventCNN_L_3000_aa_w_product_dup_5_08,0.6463661789894104,0.6378912685337726,0.667897896761997,0.6176573634147644,0.67765,0.7374016,"quark jet: = 2, L: 3000 fb^-1, aa, w/ decay product, duplicating: +5",30,2026-03-21 02:49:11.864128
129864,88608,32472,22158,10000,10000,CWoLa,event-CNN,quark_jet_2_cut_eventCNN_L_3000_aa_w_product_dup_5_09,0.6371170282363892,0.6440234303496247,0.6771891150680455,0.6477403044700623,0.66085,0.71268055,"quark jet: = 2, L: 3000 fb^-1, aa, w/ decay product, duplicating: +5",33,2026-03-21 02:59:10.862977
129864,88608,32472,22158,10000,10000,CWoLa,event-CNN,quark_jet_2_cut_eventCNN_L_3000_aa_w_product_dup_5_10,0.6385256052017212,0.6473366282262493,0.6758797030958271,0.6129380464553833,0.68185,0.73820999,"quark jet: = 2, L: 3000 fb^-1, aa, w/ decay product, duplicating: +5",28,2026-03-21 03:08:09.655826
720,491,180,124,10000,10000,CWoLa,event-CNN,quark_jet_2_cut_eventCNN_L_100_aa_w_product_06,0.6449627876281738,0.631578947368421,0.6559587813620071,0.6635276079177856,0.6343,0.681893185,"quark jet: = 2, L: 100 fb^-1, aa, w/ decay product",112,2026-03-21 16:23:26.206035
720,491,180,124,10000,10000,CWoLa,event-CNN,quark_jet_2_cut_eventCNN_L_100_aa_w_product_01,0.6431049108505249,0.6348684210526315,0.655421146953405,0.6541854739189148,0.6369,0.6846139649999998,"quark jet: = 2, L: 100 fb^-1, aa, w/ decay product",98,2026-03-21 16:23:40.010391
720,491,180,124,10000,10000,CWoLa,event-CNN,quark_jet_2_cut_eventCNN_L_100_aa_w_product_07,0.6487329602241516,0.6480263157894737,0.6377240143369176,0.6752691268920898,0.61545,0.653941015,"quark jet: = 2, L: 100 fb^-1, aa, w/ decay product",89,2026-03-21 16:24:46.571470
720,491,180,124,10000,10000,CWoLa,event-CNN,quark_jet_2_cut_eventCNN_L_100_aa_w_product_02,0.6565064787864685,0.6151315789473685,0.6176523297491039,0.6748723983764648,0.6219,0.6638876249999999,"quark jet: = 2, L: 100 fb^-1, aa, w/ decay product",90,2026-03-21 16:25:31.550281
720,491,180,124,10000,10000,CWoLa,event-CNN,quark_jet_2_cut_eventCNN_L_100_aa_w_product_08,0.644038736820221,0.6414473684210527,0.6551971326164874,0.6662850379943848,0.62955,0.670390755,"quark jet: = 2, L: 100 fb^-1, aa, w/ decay product",107,2026-03-21 16:26:19.867913
720,491,180,124,10000,10000,CWoLa,event-CNN,quark_jet_2_cut_eventCNN_L_100_aa_w_product_03,0.6641812920570374,0.6151315789473685,0.5929659498207885,0.6765047907829285,0.61325,0.6536116000000001,"quark jet: = 2, L: 100 fb^-1, aa, w/ decay product",103,2026-03-21 16:27:16.143669
720,491,180,124,10000,10000,CWoLa,event-CNN,quark_jet_2_cut_eventCNN_L_100_aa_w_product_09,0.6649746298789978,0.625,0.6068548387096774,0.6705881357192993,0.61445,0.657051,"quark jet: = 2, L: 100 fb^-1, aa, w/ decay product",76,2026-03-21 16:27:41.015562
720,491,180,124,10000,10000,CWoLa,event-CNN,quark_jet_2_cut_eventCNN_L_100_aa_w_product_10,0.6789870262145996,0.5953947368421053,0.5098118279569892,0.6910040378570557,0.59535,0.6227106600000001,"quark jet: = 2, L: 100 fb^-1, aa, w/ decay product",68,2026-03-21 16:28:46.933401
720,491,180,124,10000,10000,CWoLa,event-CNN,quark_jet_2_cut_eventCNN_L_100_aa_w_product_04,0.6714682579040527,0.6151315789473685,0.5741039426523298,0.6856285929679871,0.58775,0.6207605250000001,"quark jet: = 2, L: 100 fb^-1, aa, w/ decay product",101,2026-03-21 16:29:00.607571
720,491,180,124,10000,10000,CWoLa,event-CNN,quark_jet_2_cut_eventCNN_L_100_aa_w_product_05,0.6690226197242737,0.6085526315789473,0.5862007168458782,0.6819698214530945,0.5981,0.631612675,"quark jet: = 2, L: 100 fb^-1, aa, w/ decay product",78,2026-03-21 16:35:14.754526
720,491,180,124,10000,10000,ideal_mix,event-CNN,quark_jet_2_cut_eventCNN_L_100_aa_w_product_ideal_mix_01,0.6881663203239441,0.5953947368421053,0.4599462365591398,0.6934158802032471,0.53145,0.54036929,"quark jet: = 2, L: 100 fb^-1, aa, w/ decay product, ideal mixture",36,2026-03-21 18:11:37.923929
720,491,180,124,10000,10000,ideal_mix,event-CNN,quark_jet_2_cut_eventCNN_L_100_aa_wo_product_case_5_ideal_mix_01,0.6858298778533936,0.5953947368421053,0.5234767025089606,0.6554527282714844,0.6688,0.73071315,"quark jet: = 2, L: 100 fb^-1, aa, w/o decay product, ideal mixture",76,2026-03-21 18:11:50.617942
720,491,180,124,10000,10000,ideal_mix,event-CNN,quark_jet_2_cut_eventCNN_L_100_aa_w_product_ideal_mix_02,0.6660138964653015,0.631578947368421,0.5757616487455197,0.6778447031974792,0.61355,0.6606338949999999,"quark jet: = 2, L: 100 fb^-1, aa, w/ decay product, ideal mixture",106,2026-03-21 18:13:06.406114
720,491,180,124,10000,10000,ideal_mix,event-CNN,quark_jet_2_cut_eventCNN_L_100_aa_wo_product_case_5_ideal_mix_02,0.6639407873153687,0.625,0.590725806451613,0.6601439118385315,0.65395,0.710267755,"quark jet: = 2, L: 100 fb^-1, aa, w/o decay product, ideal mixture",91,2026-03-21 18:13:15.529842
720,491,180,124,10000,10000,ideal_mix,event-CNN,quark_jet_2_cut_eventCNN_L_100_aa_w_product_ideal_mix_03,0.691745936870575,0.5986842105263158,0.474350358422939,0.6928629279136658,0.5473,0.5618826299999999,"quark jet: = 2, L: 100 fb^-1, aa, w/ decay product, ideal mixture",49,2026-03-21 18:14:10.836591
720,491,180,124,10000,10000,ideal_mix,event-CNN,quark_jet_2_cut_eventCNN_L_100_aa_wo_product_case_5_ideal_mix_03,0.6763920783996582,0.5986842105263158,0.5350806451612904,0.6799882054328918,0.6284,0.6714031149999999,"quark jet: = 2, L: 100 fb^-1, aa, w/o decay product, ideal mixture",105,2026-03-21 18:14:44.030033
720,491,180,124,10000,10000,ideal_mix,event-CNN,quark_jet_2_cut_eventCNN_L_100_aa_w_product_ideal_mix_04,0.6729915738105774,0.5986842105263158,0.5553763440860215,0.6756283044815063,0.61325,0.6561153900000001,"quark jet: = 2, L: 100 fb^-1, aa, w/ decay product, ideal mixture",119,2026-03-21 18:15:38.281702
720,491,180,124,10000,10000,ideal_mix,event-CNN,quark_jet_2_cut_eventCNN_L_100_aa_wo_product_case_5_ideal_mix_04,0.6630518436431885,0.6151315789473685,0.6076164874551971,0.6453472375869751,0.64845,0.70224282,"quark jet: = 2, L: 100 fb^-1, aa, w/o decay product, ideal mixture",90,2026-03-21 18:16:02.891961
720,491,180,124,10000,10000,ideal_mix,event-CNN,quark_jet_2_cut_eventCNN_L_100_aa_w_product_ideal_mix_05,0.6873546838760376,0.5888157894736842,0.4759856630824373,0.6935182809829712,0.53735,0.54753803,"quark jet: = 2, L: 100 fb^-1, aa, w/ decay product, ideal mixture",35,2026-03-21 18:16:44.393160
720,491,180,124,10000,10000,ideal_mix,event-CNN,quark_jet_2_cut_eventCNN_L_100_aa_w_product_ideal_mix_06,0.6787940859794617,0.6052631578947368,0.5472222222222223,0.6805330514907837,0.59065,0.6276174250000001,"quark jet: = 2, L: 100 fb^-1, aa, w/ decay product, ideal mixture",101,2026-03-21 18:18:05.140657
720,491,180,124,10000,10000,ideal_mix,event-CNN,quark_jet_2_cut_eventCNN_L_100_aa_wo_product_case_5_ideal_mix_06,0.6752898693084717,0.6052631578947368,0.575089605734767,0.6510400176048279,0.65605,0.71248789,"quark jet: = 2, L: 100 fb^-1, aa, w/o decay product, ideal mixture",89,2026-03-21 18:18:08.797006
720,491,180,124,10000,10000,ideal_mix,event-CNN,quark_jet_2_cut_eventCNN_L_100_aa_w_product_ideal_mix_07,0.6828803420066833,0.5888157894736842,0.4989695340501792,0.6916060447692871,0.56535,0.58969233,"quark jet: = 2, L: 100 fb^-1, aa, w/ decay product, ideal mixture",68,2026-03-21 18:19:10.362576
720,491,180,124,10000,10000,ideal_mix,event-CNN,quark_jet_2_cut_eventCNN_L_100_aa_wo_product_case_5_ideal_mix_07,0.6857943534851074,0.5986842105263158,0.5056899641577061,0.6743124723434448,0.6368,0.682875405,"quark jet: = 2, L: 100 fb^-1, aa, w/o decay product, ideal mixture",62,2026-03-21 18:19:17.026748
720,491,180,124,10000,10000,ideal_mix,event-CNN,quark_jet_2_cut_eventCNN_L_100_aa_w_product_ideal_mix_08,0.6902744174003601,0.5953947368421053,0.4661290322580644,0.6933044195175171,0.50765,0.500083625,"quark jet: = 2, L: 100 fb^-1, aa, w/ decay product, ideal mixture",36,2026-03-21 18:20:20.723253
720,491,180,124,10000,10000,ideal_mix,event-CNN,quark_jet_2_cut_eventCNN_L_100_aa_wo_product_case_5_ideal_mix_08,0.6774660348892212,0.5953947368421053,0.5446236559139785,0.6850146651268005,0.62705,0.6797714349999999,"quark jet: = 2, L: 100 fb^-1, aa, w/o decay product, ideal mixture",94,2026-03-21 18:20:36.450841
720,491,180,124,10000,10000,ideal_mix,event-CNN,quark_jet_2_cut_eventCNN_L_100_aa_wo_product_case_5_ideal_mix_09,0.6872597336769104,0.5953947368421053,0.4976702508960574,0.6807080507278442,0.6164,0.6610545999999999,"quark jet: = 2, L: 100 fb^-1, aa, w/o decay product, ideal mixture",54,2026-03-21 18:21:31.293783
720,491,180,124,10000,10000,ideal_mix,event-CNN,quark_jet_2_cut_eventCNN_L_100_aa_w_product_ideal_mix_09,0.6831361651420593,0.5953947368421053,0.4816308243727599,0.6889145374298096,0.572,0.60466262,"quark jet: = 2, L: 100 fb^-1, aa, w/ decay product, ideal mixture",82,2026-03-21 18:21:37.504064
720,491,180,124,10000,10000,ideal_mix,event-CNN,quark_jet_2_cut_eventCNN_L_100_aa_wo_product_case_5_ideal_mix_10,0.6569713354110718,0.6282894736842105,0.6093637992831542,0.6564168930053711,0.6733,0.7277926399999999,"quark jet: = 2, L: 100 fb^-1, aa, w/o decay product, ideal mixture",81,2026-03-21 18:22:38.327428
720,491,180,124,10000,10000,ideal_mix,event-CNN,quark_jet_2_cut_eventCNN_L_100_aa_w_product_ideal_mix_10,0.6682146787643433,0.6085526315789473,0.5765681003584229,0.673269510269165,0.62345,0.668779045,"quark jet: = 2, L: 100 fb^-1, aa, w/ decay product, ideal mixture",112,2026-03-21 18:23:28.234909
2162,1475,542,370,10000,10000,ideal_mix,event-CNN,quark_jet_2_cut_eventCNN_L_300_aa_wo_product_case_5_ideal_mix_01,0.679103672504425,0.6008771929824561,0.5400019946145408,0.6699756383895874,0.6641,0.72432286,"quark jet: = 2, L: 300 fb^-1, aa, w/o decay product, ideal mixture",86,2026-03-21 18:23:56.145695
2162,1475,542,370,10000,10000,ideal_mix,event-CNN,quark_jet_2_cut_eventCNN_L_300_aa_w_product_ideal_mix_01,0.6797541379928589,0.6041666666666666,0.5383015857185599,0.6718043684959412,0.6187,0.6602264849999999,"quark jet: = 2, L: 300 fb^-1, aa, w/ decay product, ideal mixture",93,2026-03-21 18:25:10.697542
2162,1475,542,370,10000,10000,ideal_mix,event-CNN,quark_jet_2_cut_eventCNN_L_300_aa_wo_product_case_5_ideal_mix_02,0.669563889503479,0.6052631578947368,0.5745636780692132,0.6530348062515259,0.67525,0.737298695,"quark jet: = 2, L: 300 fb^-1, aa, w/o decay product, ideal mixture",91,2026-03-21 18:25:12.747524
2162,1475,542,370,10000,10000,ideal_mix,event-CNN,quark_jet_2_cut_eventCNN_L_300_aa_wo_product_case_5_ideal_mix_03,0.6759561896324158,0.5986842105263158,0.5497880722050463,0.6550877094268799,0.67645,0.7349167799999999,"quark jet: = 2, L: 300 fb^-1, aa, w/o decay product, ideal mixture",73,2026-03-21 18:26:27.567481
2162,1475,542,370,10000,10000,ideal_mix,event-CNN,quark_jet_2_cut_eventCNN_L_300_aa_w_product_ideal_mix_02,0.6782596111297607,0.5942982456140351,0.5387553605265782,0.6678726077079773,0.6493,0.70299609,"quark jet: = 2, L: 300 fb^-1, aa, w/ decay product, ideal mixture",115,2026-03-21 18:27:02.795928
2162,1475,542,370,10000,10000,ideal_mix,event-CNN,quark_jet_2_cut_eventCNN_L_300_aa_wo_product_case_5_ideal_mix_04,0.6685182452201843,0.6019736842105263,0.5758502044479905,0.6702200770378113,0.65105,0.7083341999999999,"quark jet: = 2, L: 300 fb^-1, aa, w/o decay product, ideal mixture",73,2026-03-21 18:27:48.055612
2162,1475,542,370,10000,10000,ideal_mix,event-CNN,quark_jet_2_cut_eventCNN_L_300_aa_w_product_ideal_mix_03,0.6714102029800415,0.6085526315789473,0.5511743293108607,0.6986541748046875,0.62185,0.67110435,"quark jet: = 2, L: 300 fb^-1, aa, w/ decay product, ideal mixture",67,2026-03-21 18:28:40.120080
2162,1475,542,370,10000,10000,ideal_mix,event-CNN,quark_jet_2_cut_eventCNN_L_300_aa_wo_product_case_5_ideal_mix_05,0.6771643161773682,0.5953947368421053,0.54601077091852,0.6608861088752747,0.6697,0.73125419,"quark jet: = 2, L: 300 fb^-1, aa, w/o decay product, ideal mixture",76,2026-03-21 18:28:57.613637
2162,1475,542,370,10000,10000,ideal_mix,event-CNN,quark_jet_2_cut_eventCNN_L_300_aa_wo_product_case_5_ideal_mix_06,0.663297712802887,0.6107456140350878,0.5886905355540042,0.6567702293395996,0.66875,0.727412085,"quark jet: = 2, L: 300 fb^-1, aa, w/o decay product, ideal mixture",77,2026-03-21 18:30:08.076863
2162,1475,542,370,10000,10000,ideal_mix,event-CNN,quark_jet_2_cut_eventCNN_L_300_aa_w_product_ideal_mix_04,0.6726717948913574,0.5997807017543859,0.5474119876333898,0.6954644322395325,0.58445,0.616586525,"quark jet: = 2, L: 300 fb^-1, aa, w/ decay product, ideal mixture",86,2026-03-21 18:30:22.681785
2162,1475,542,370,10000,10000,ideal_mix,event-CNN,quark_jet_2_cut_eventCNN_L_300_aa_wo_product_case_5_ideal_mix_07,0.6723147034645081,0.5975877192982456,0.5517502742594993,0.6742734909057617,0.6673,0.7220519350000001,"quark jet: = 2, L: 300 fb^-1, aa, w/o decay product, ideal mixture",59,2026-03-21 18:31:19.659334
2162,1475,542,370,10000,10000,ideal_mix,event-CNN,quark_jet_2_cut_eventCNN_L_300_aa_w_product_ideal_mix_05,0.6759272813796997,0.5932017543859649,0.5361523885509125,0.6885876059532166,0.6178,0.6647724749999999,"quark jet: = 2, L: 300 fb^-1, aa, w/ decay product, ideal mixture",90,2026-03-21 18:32:10.426087
2162,1475,542,370,10000,10000,ideal_mix,event-CNN,quark_jet_2_cut_eventCNN_L_300_aa_wo_product_case_5_ideal_mix_08,0.6705909967422485,0.5997807017543859,0.5682357634387155,0.6612823605537415,0.67095,0.732066925,"quark jet: = 2, L: 300 fb^-1, aa, w/o decay product, ideal mixture",56,2026-03-21 18:32:34.852493
2162,1475,542,370,10000,10000,ideal_mix,event-CNN,quark_jet_2_cut_eventCNN_L_300_aa_wo_product_case_5_ideal_mix_09,0.6728138327598572,0.5975877192982456,0.5608806223197367,0.6654059290885925,0.66085,0.7127008699999999,"quark jet: = 2, L: 300 fb^-1, aa, w/o decay product, ideal mixture",68,2026-03-21 18:34:03.146636
2162,1475,542,370,10000,10000,ideal_mix,event-CNN,quark_jet_2_cut_eventCNN_L_300_aa_w_product_ideal_mix_06,0.6679450869560242,0.6030701754385965,0.570549516305974,0.671951174736023,0.6592,0.7155865800000001,"quark jet: = 2, L: 300 fb^-1, aa, w/ decay product, ideal mixture",89,2026-03-21 18:34:15.449223
2162,1475,542,370,10000,10000,ideal_mix,event-CNN,quark_jet_2_cut_eventCNN_L_300_aa_wo_product_case_5_ideal_mix_10,0.6751531362533569,0.5942982456140351,0.5605066320933481,0.6517147421836853,0.66695,0.7242410899999999,"quark jet: = 2, L: 300 fb^-1, aa, w/o decay product, ideal mixture",81,2026-03-21 18:35:18.663862
2162,1475,542,370,10000,10000,ideal_mix,event-CNN,quark_jet_2_cut_eventCNN_L_300_aa_w_product_ideal_mix_07,0.6747293472290039,0.5953947368421053,0.5379076493467638,0.6882684826850891,0.6059,0.646579765,"quark jet: = 2, L: 300 fb^-1, aa, w/ decay product, ideal mixture",72,2026-03-21 18:35:46.921925
6492,4429,1624,1108,10000,10000,ideal_mix,event-CNN,quark_jet_2_cut_eventCNN_L_900_aa_wo_product_case_5_ideal_mix_01,0.6637308597564697,0.6083455344070278,0.5937411081076274,0.6478531956672668,0.68695,0.742087675,"quark jet: = 2, L: 900 fb^-1, aa, w/o decay product, ideal mixture",73,2026-03-21 18:36:56.578751
2162,1475,542,370,10000,10000,ideal_mix,event-CNN,quark_jet_2_cut_eventCNN_L_300_aa_w_product_ideal_mix_08,0.6721882820129395,0.5953947368421053,0.5598309564176722,0.6943973302841187,0.6152,0.6583258649999999,"quark jet: = 2, L: 300 fb^-1, aa, w/ decay product, ideal mixture",69,2026-03-21 18:37:15.105322
6492,4429,1624,1108,10000,10000,ideal_mix,event-CNN,quark_jet_2_cut_eventCNN_L_900_aa_wo_product_case_5_ideal_mix_02,0.6702077984809875,0.5969985358711567,0.5796863607262898,0.6425365209579468,0.69325,0.75740059,"quark jet: = 2, L: 900 fb^-1, aa, w/o decay product, ideal mixture",54,2026-03-21 18:38:21.182394
2162,1475,542,370,10000,10000,ideal_mix,event-CNN,quark_jet_2_cut_eventCNN_L_300_aa_w_product_ideal_mix_09,0.6742408871650696,0.5932017543859649,0.5604318340480703,0.6587477326393127,0.649,0.7028891650000001,"quark jet: = 2, L: 300 fb^-1, aa, w/ decay product, ideal mixture",101,2026-03-21 18:39:00.404270
6492,4429,1624,1108,10000,10000,ideal_mix,event-CNN,quark_jet_2_cut_eventCNN_L_900_aa_wo_product_case_5_ideal_mix_03,0.6659917235374451,0.6039531478770132,0.5822588963383187,0.6516843438148499,0.68215,0.744012225,"quark jet: = 2, L: 900 fb^-1, aa, w/o decay product, ideal mixture",66,2026-03-21 18:39:54.528615
2162,1475,542,370,10000,10000,ideal_mix,event-CNN,quark_jet_2_cut_eventCNN_L_300_aa_w_product_ideal_mix_10,0.6758882999420166,0.5942982456140351,0.5449985040390944,0.6982423067092896,0.63325,0.6828290699999999,"quark jet: = 2, L: 300 fb^-1, aa, w/ decay product, ideal mixture",110,2026-03-21 18:40:42.664762
6492,4429,1624,1108,10000,10000,ideal_mix,event-CNN,quark_jet_2_cut_eventCNN_L_900_aa_wo_product_case_5_ideal_mix_04,0.6710427403450012,0.5977306002928258,0.5691878145506926,0.6463116407394409,0.69775,0.758934965,"quark jet: = 2, L: 900 fb^-1, aa, w/o decay product, ideal mixture",48,2026-03-21 18:41:14.322870
6492,4429,1624,1108,10000,10000,ideal_mix,event-CNN,quark_jet_2_cut_eventCNN_L_900_aa_w_product_ideal_mix_01,0.6659736037254333,0.5966325036603221,0.5836768753001014,0.6518994569778442,0.6789,0.7431334250000001,"quark jet: = 2, L: 900 fb^-1, aa, w/ decay product, ideal mixture",65,2026-03-21 18:42:40.906021
6492,4429,1624,1108,10000,10000,ideal_mix,event-CNN,quark_jet_2_cut_eventCNN_L_900_aa_wo_product_case_5_ideal_mix_05,0.6748964786529541,0.5948023426061494,0.5571098459924242,0.6465519070625305,0.68595,0.7450975050000002,"quark jet: = 2, L: 900 fb^-1, aa, w/o decay product, ideal mixture",64,2026-03-21 18:42:43.181113
6492,4429,1624,1108,10000,10000,ideal_mix,event-CNN,quark_jet_2_cut_eventCNN_L_900_aa_wo_product_case_5_ideal_mix_06,0.669686496257782,0.6002928257686676,0.5778215641727873,0.6451013088226318,0.6851,0.74756336,"quark jet: = 2, L: 900 fb^-1, aa, w/o decay product, ideal mixture",57,2026-03-21 18:44:11.861178
6492,4429,1624,1108,10000,10000,ideal_mix,event-CNN,quark_jet_2_cut_eventCNN_L_900_aa_w_product_ideal_mix_02,0.6699414849281311,0.5966325036603221,0.5680818854368587,0.6538070440292358,0.6724,0.7342943000000001,"quark jet: = 2, L: 900 fb^-1, aa, w/ decay product, ideal mixture",58,2026-03-21 18:44:39.546052
6492,4429,1624,1108,10000,10000,ideal_mix,event-CNN,quark_jet_2_cut_eventCNN_L_900_aa_wo_product_case_5_ideal_mix_07,0.6741098165512085,0.5969985358711567,0.558470305525422,0.6476954221725464,0.68705,0.75195772,"quark jet: = 2, L: 900 fb^-1, aa, w/o decay product, ideal mixture",62,2026-03-21 18:45:48.591508
6492,4429,1624,1108,10000,10000,ideal_mix,event-CNN,quark_jet_2_cut_eventCNN_L_900_aa_w_product_ideal_mix_03,0.6673398613929749,0.595900439238653,0.5787199231740499,0.653654932975769,0.6743,0.73647678,"quark jet: = 2, L: 900 fb^-1, aa, w/ decay product, ideal mixture",65,2026-03-21 18:46:45.123447
6492,4429,1624,1108,10000,10000,ideal_mix,event-CNN,quark_jet_2_cut_eventCNN_L_900_aa_wo_product_case_5_ideal_mix_08,0.6724903583526611,0.595900439238653,0.5591513689068308,0.6587858200073242,0.6863,0.74685915,"quark jet: = 2, L: 900 fb^-1, aa, w/o decay product, ideal mixture",44,2026-03-21 18:47:03.130715
6492,4429,1624,1108,10000,10000,ideal_mix,event-CNN,quark_jet_2_cut_eventCNN_L_900_aa_w_product_ideal_mix_04,0.6717389225959778,0.5995607613469985,0.5695896169372765,0.6560096740722656,0.6808,0.744107605,"quark jet: = 2, L: 900 fb^-1, aa, w/ decay product, ideal mixture",56,2026-03-21 18:48:34.471277
6492,4429,1624,1108,10000,10000,ideal_mix,event-CNN,quark_jet_2_cut_eventCNN_L_900_aa_wo_product_case_5_ideal_mix_09,0.6697572469711304,0.5984626647144948,0.5832408947022105,0.6349005103111267,0.6919,0.7534622950000001,"quark jet: = 2, L: 900 fb^-1, aa, w/o decay product, ideal mixture",65,2026-03-21 18:48:44.529366
6492,4429,1624,1108,10000,10000,ideal_mix,event-CNN,quark_jet_2_cut_eventCNN_L_900_aa_wo_product_case_5_ideal_mix_10,0.669177234172821,0.5969985358711567,0.5743373317209368,0.6622507572174072,0.67685,0.73854002,"quark jet: = 2, L: 900 fb^-1, aa, w/o decay product, ideal mixture",45,2026-03-21 18:50:13.631166
6492,4429,1624,1108,10000,10000,ideal_mix,event-CNN,quark_jet_2_cut_eventCNN_L_900_aa_w_product_ideal_mix_05,0.6740294694900513,0.595900439238653,0.5544608956803188,0.6685128211975098,0.65145,0.7048909550000001,"quark jet: = 2, L: 900 fb^-1, aa, w/ decay product, ideal mixture",53,2026-03-21 18:50:16.095473
6492,4429,1624,1108,10000,10000,ideal_mix,event-CNN,quark_jet_2_cut_eventCNN_L_900_aa_w_product_ideal_mix_06,0.6659967303276062,0.5973645680819912,0.5802332121072007,0.6652771830558777,0.68775,0.7506923000000001,"quark jet: = 2, L: 900 fb^-1, aa, w/ decay product, ideal mixture",65,2026-03-21 18:52:14.692110
12985,8860,3248,2216,10000,10000,ideal_mix,event-CNN,quark_jet_2_cut_eventCNN_L_1800_aa_wo_product_case_5_ideal_mix_01,0.6786432862281799,0.5942532942898975,0.5621650257420285,0.621360719203949,0.70735,0.77648429,"quark jet: = 2, L: 1800 fb^-1, aa, w/o decay product, ideal mixture",67,2026-03-21 18:52:35.255930
6492,4429,1624,1108,10000,10000,ideal_mix,event-CNN,quark_jet_2_cut_eventCNN_L_900_aa_w_product_ideal_mix_07,0.6709142327308655,0.5940702781844802,0.5655343582721275,0.6560444235801697,0.6731,0.7366424,"quark jet: = 2, L: 900 fb^-1, aa, w/ decay product, ideal mixture",54,2026-03-21 18:53:57.904412
12985,8860,3248,2216,10000,10000,ideal_mix,event-CNN,quark_jet_2_cut_eventCNN_L_1800_aa_wo_product_case_5_ideal_mix_02,0.6722912788391113,0.5948023426061494,0.5724027893866372,0.6468111872673035,0.69015,0.753781865,"quark jet: = 2, L: 1800 fb^-1, aa, w/o decay product, ideal mixture",43,2026-03-21 18:54:20.181216
6492,4429,1624,1108,10000,10000,ideal_mix,event-CNN,quark_jet_2_cut_eventCNN_L_900_aa_w_product_ideal_mix_08,0.6733558177947998,0.5944363103953147,0.5492294063772651,0.6694387793540955,0.6787,0.739207845,"quark jet: = 2, L: 900 fb^-1, aa, w/ decay product, ideal mixture",58,2026-03-21 18:55:41.016910
12985,8860,3248,2216,10000,10000,ideal_mix,event-CNN,quark_jet_2_cut_eventCNN_L_1800_aa_wo_product_case_5_ideal_mix_03,0.6669876575469971,0.5999267935578331,0.5813850595089897,0.6521711945533752,0.70015,0.7645288450000001,"quark jet: = 2, L: 1800 fb^-1, aa, w/o decay product, ideal mixture",47,2026-03-21 18:56:07.218237
6492,4429,1624,1108,10000,10000,ideal_mix,event-CNN,quark_jet_2_cut_eventCNN_L_900_aa_w_product_ideal_mix_09,0.6698861122131348,0.5969985358711567,0.5791550701570308,0.6458893418312073,0.67785,0.74068159,"quark jet: = 2, L: 900 fb^-1, aa, w/ decay product, ideal mixture",52,2026-03-21 18:57:32.054538
12985,8860,3248,2216,10000,10000,ideal_mix,event-CNN,quark_jet_2_cut_eventCNN_L_1800_aa_wo_product_case_5_ideal_mix_04,0.6725121140480042,0.5949853587115667,0.5679576073473707,0.6392596364021301,0.70025,0.76790319,"quark jet: = 2, L: 1800 fb^-1, aa, w/o decay product, ideal mixture",59,2026-03-21 18:58:17.643958
6492,4429,1624,1108,10000,10000,ideal_mix,event-CNN,quark_jet_2_cut_eventCNN_L_900_aa_w_product_ideal_mix_10,0.6712320446968079,0.5951683748169839,0.5645779240988067,0.6559563279151917,0.6789,0.7381890249999999,"quark jet: = 2, L: 900 fb^-1, aa, w/ decay product, ideal mixture",65,2026-03-21 18:59:38.315127
12985,8860,3248,2216,10000,10000,ideal_mix,event-CNN,quark_jet_2_cut_eventCNN_L_1800_aa_wo_product_case_5_ideal_mix_05,0.6701521873474121,0.5964494875549048,0.5756622931523536,0.6533539295196533,0.7005,0.764373355,"quark jet: = 2, L: 1800 fb^-1, aa, w/o decay product, ideal mixture",48,2026-03-21 19:00:08.135926
12985,8860,3248,2216,10000,10000,ideal_mix,event-CNN,quark_jet_2_cut_eventCNN_L_1800_aa_w_product_ideal_mix_01,0.6756064295768738,0.5942532942898975,0.563970079893653,0.6529493927955627,0.6802,0.744136315,"quark jet: = 2, L: 1800 fb^-1, aa, w/ decay product, ideal mixture",47,2026-03-21 19:02:02.865518
12985,8860,3248,2216,10000,10000,ideal_mix,event-CNN,quark_jet_2_cut_eventCNN_L_1800_aa_wo_product_case_5_ideal_mix_06,0.6704025864601135,0.5968155197657394,0.5785167990076648,0.6393222808837891,0.69665,0.767181805,"quark jet: = 2, L: 1800 fb^-1, aa, w/o decay product, ideal mixture",72,2026-03-21 19:02:32.197081
12985,8860,3248,2216,10000,10000,ideal_mix,event-CNN,quark_jet_2_cut_eventCNN_L_1800_aa_wo_product_case_5_ideal_mix_07,0.6699671149253845,0.5988286969253295,0.5809435909462752,0.6306643486022949,0.70845,0.7737398649999999,"quark jet: = 2, L: 1800 fb^-1, aa, w/o decay product, ideal mixture",55,2026-03-21 19:04:31.496182
12985,8860,3248,2216,10000,10000,ideal_mix,event-CNN,quark_jet_2_cut_eventCNN_L_1800_aa_w_product_ideal_mix_02,0.6735708117485046,0.594619326500732,0.5713459740845797,0.6316662430763245,0.6976,0.7629789600000001,"quark jet: = 2, L: 1800 fb^-1, aa, w/ decay product, ideal mixture",73,2026-03-21 19:04:59.981382
12985,8860,3248,2216,10000,10000,ideal_mix,event-CNN,quark_jet_2_cut_eventCNN_L_1800_aa_wo_product_case_5_ideal_mix_08,0.6705288887023926,0.595900439238653,0.5764490172235955,0.6483652591705322,0.6959,0.760969375,"quark jet: = 2, L: 1800 fb^-1, aa, w/o decay product, ideal mixture",43,2026-03-21 19:06:14.124618
12985,8860,3248,2216,10000,10000,ideal_mix,event-CNN,quark_jet_2_cut_eventCNN_L_1800_aa_w_product_ideal_mix_03,0.6716777682304382,0.597181551976574,0.5779830770615852,0.6639342904090881,0.6802,0.7415769449999999,"quark jet: = 2, L: 1800 fb^-1, aa, w/ decay product, ideal mixture",42,2026-03-21 19:07:07.282603
12985,8860,3248,2216,10000,10000,ideal_mix,event-CNN,quark_jet_2_cut_eventCNN_L_1800_aa_wo_product_case_5_ideal_mix_09,0.6677760481834412,0.5986456808199122,0.5849648103359357,0.6359825730323792,0.70015,0.767528505,"quark jet: = 2, L: 1800 fb^-1, aa, w/o decay product, ideal mixture",64,2026-03-21 19:08:31.691422
12985,8860,3248,2216,10000,10000,ideal_mix,event-CNN,quark_jet_2_cut_eventCNN_L_1800_aa_w_product_ideal_mix_04,0.6735109686851501,0.5949853587115667,0.5668090944052214,0.6546726822853088,0.6807,0.74546961,"quark jet: = 2, L: 1800 fb^-1, aa, w/ decay product, ideal mixture",47,2026-03-21 19:09:24.207568
12985,8860,3248,2216,10000,10000,ideal_mix,event-CNN,quark_jet_2_cut_eventCNN_L_1800_aa_wo_product_case_5_ideal_mix_10,0.6678439378738403,0.5968155197657394,0.5792613560580463,0.6555334329605103,0.68895,0.7462194349999999,"quark jet: = 2, L: 1800 fb^-1, aa, w/o decay product, ideal mixture",38,2026-03-21 19:10:05.835442
12985,8860,3248,2216,10000,10000,ideal_mix,event-CNN,quark_jet_2_cut_eventCNN_L_1800_aa_w_product_ideal_mix_05,0.6682528257369995,0.5966325036603221,0.5748859197995768,0.6544836163520813,0.69465,0.75854094,"quark jet: = 2, L: 1800 fb^-1, aa, w/ decay product, ideal mixture",73,2026-03-21 19:12:20.164170
21644,14768,5412,3693,10000,10000,ideal_mix,event-CNN,quark_jet_2_cut_eventCNN_L_3000_aa_wo_product_case_5_ideal_mix_01,0.6706583499908447,0.5968149368478858,0.581678242471074,0.6327712535858154,0.7092,0.7757714099999999,"quark jet: = 2, L: 3000 fb^-1, aa, w/o decay product, ideal mixture",70,2026-03-21 19:13:38.052860
12985,8860,3248,2216,10000,10000,ideal_mix,event-CNN,quark_jet_2_cut_eventCNN_L_1800_aa_w_product_ideal_mix_06,0.6739126443862915,0.5951683748169839,0.5727859049056571,0.626678466796875,0.7087,0.7783498950000001,"quark jet: = 2, L: 1800 fb^-1, aa, w/ decay product, ideal mixture",66,2026-03-21 19:15:13.164411
21644,14768,5412,3693,10000,10000,ideal_mix,event-CNN,quark_jet_2_cut_eventCNN_L_3000_aa_wo_product_case_5_ideal_mix_02,0.66888028383255,0.5958264689730917,0.5783346632299496,0.6310682892799377,0.71445,0.783056615,"quark jet: = 2, L: 3000 fb^-1, aa, w/o decay product, ideal mixture",53,2026-03-21 19:16:19.077873
12985,8860,3248,2216,10000,10000,ideal_mix,event-CNN,quark_jet_2_cut_eventCNN_L_1800_aa_w_product_ideal_mix_07,0.6682547330856323,0.5960834553440703,0.5783568144128683,0.6377852559089661,0.70015,0.770422365,"quark jet: = 2, L: 1800 fb^-1, aa, w/ decay product, ideal mixture",62,2026-03-21 19:17:59.374470
21644,14768,5412,3693,10000,10000,ideal_mix,event-CNN,quark_jet_2_cut_eventCNN_L_3000_aa_wo_product_case_5_ideal_mix_03,0.6669147610664368,0.5945085118066996,0.5890238198593492,0.6237806677818298,0.7188,0.788129125,"quark jet: = 2, L: 3000 fb^-1, aa, w/o decay product, ideal mixture",61,2026-03-21 19:19:23.940395
12985,8860,3248,2216,10000,10000,ideal_mix,event-CNN,quark_jet_2_cut_eventCNN_L_1800_aa_w_product_ideal_mix_08,0.6719014048576355,0.5980966325036603,0.576373922413793,0.6291279196739197,0.70465,0.77151656,"quark jet: = 2, L: 1800 fb^-1, aa, w/ decay product, ideal mixture",73,2026-03-21 19:20:47.676734
21644,14768,5412,3693,10000,10000,ideal_mix,event-CNN,quark_jet_2_cut_eventCNN_L_3000_aa_wo_product_case_5_ideal_mix_04,0.6680384874343872,0.5952773201537617,0.5828601893396528,0.6355311870574951,0.7225,0.7923411699999999,"quark jet: = 2, L: 3000 fb^-1, aa, w/o decay product, ideal mixture",61,2026-03-21 19:22:31.458640
12985,8860,3248,2216,10000,10000,ideal_mix,event-CNN,quark_jet_2_cut_eventCNN_L_1800_aa_w_product_ideal_mix_09,0.6701054573059082,0.5962664714494875,0.5836151183288578,0.6327294707298279,0.6965,0.7609953899999999,"quark jet: = 2, L: 1800 fb^-1, aa, w/ decay product, ideal mixture",58,2026-03-21 19:23:27.606354
21644,14768,5412,3693,10000,10000,ideal_mix,event-CNN,quark_jet_2_cut_eventCNN_L_3000_aa_wo_product_case_5_ideal_mix_05,0.6695805788040161,0.5945085118066996,0.5855278128514245,0.629387378692627,0.7118,0.7802886600000001,"quark jet: = 2, L: 3000 fb^-1, aa, w/o decay product, ideal mixture",56,2026-03-21 19:25:25.280182
12985,8860,3248,2216,10000,10000,ideal_mix,event-CNN,quark_jet_2_cut_eventCNN_L_1800_aa_w_product_ideal_mix_10,0.6659331321716309,0.5973645680819912,0.5890331289680071,0.6448662877082825,0.69445,0.7619810300000001,"quark jet: = 2, L: 1800 fb^-1, aa, w/ decay product, ideal mixture",52,2026-03-21 19:25:59.483774
21644,14768,5412,3693,10000,10000,ideal_mix,event-CNN,quark_jet_2_cut_eventCNN_L_3000_aa_wo_product_case_5_ideal_mix_06,0.6691260933876038,0.5968149368478858,0.5863107407013809,0.6248005628585815,0.71625,0.7846801700000001,"quark jet: = 2, L: 3000 fb^-1, aa, w/o decay product, ideal mixture",49,2026-03-21 19:28:04.232163
21644,14768,5412,3693,10000,10000,ideal_mix,event-CNN,quark_jet_2_cut_eventCNN_L_3000_aa_w_product_ideal_mix_01,0.6680395007133484,0.5948380010982977,0.5743818482420848,0.6546476483345032,0.69525,0.76107099,"quark jet: = 2, L: 3000 fb^-1, aa, w/ decay product, ideal mixture",48,2026-03-21 19:29:07.787061
21644,14768,5412,3693,10000,10000,ideal_mix,event-CNN,quark_jet_2_cut_eventCNN_L_3000_aa_wo_product_case_5_ideal_mix_07,0.6696678996086121,0.5952773201537617,0.589829613125169,0.6099480390548706,0.72595,0.7956481449999999,"quark jet: = 2, L: 3000 fb^-1, aa, w/o decay product, ideal mixture",73,2026-03-21 19:31:30.255409
21644,14768,5412,3693,10000,10000,ideal_mix,event-CNN,quark_jet_2_cut_eventCNN_L_3000_aa_w_product_ideal_mix_02,0.670272171497345,0.5960461285008237,0.5748924174678568,0.6297135353088379,0.70605,0.777337885,"quark jet: = 2, L: 3000 fb^-1, aa, w/ decay product, ideal mixture",75,2026-03-21 19:33:22.015740
21644,14768,5412,3693,10000,10000,ideal_mix,event-CNN,quark_jet_2_cut_eventCNN_L_3000_aa_wo_product_case_5_ideal_mix_08,0.6671617031097412,0.5960461285008237,0.5893620478926893,0.6221668720245361,0.7159,0.78497215,"quark jet: = 2, L: 3000 fb^-1, aa, w/o decay product, ideal mixture",66,2026-03-21 19:35:00.753468
21644,14768,5412,3693,10000,10000,ideal_mix,event-CNN,quark_jet_2_cut_eventCNN_L_3000_aa_w_product_ideal_mix_03,0.6674144268035889,0.5957166392092257,0.5780948515489143,0.6488885879516602,0.7021,0.76725605,"quark jet: = 2, L: 3000 fb^-1, aa, w/ decay product, ideal mixture",44,2026-03-21 19:36:19.998203
21644,14768,5412,3693,10000,10000,ideal_mix,event-CNN,quark_jet_2_cut_eventCNN_L_3000_aa_wo_product_case_5_ideal_mix_09,0.6669055819511414,0.5962657880285558,0.5906017086719866,0.6259489059448242,0.7181,0.78696561,"quark jet: = 2, L: 3000 fb^-1, aa, w/o decay product, ideal mixture",68,2026-03-21 19:38:23.408525
21644,14768,5412,3693,10000,10000,ideal_mix,event-CNN,quark_jet_2_cut_eventCNN_L_3000_aa_w_product_ideal_mix_04,0.6711140275001526,0.5961559582646897,0.5795825795751496,0.6316961646080017,0.7113,0.7795237500000001,"quark jet: = 2, L: 3000 fb^-1, aa, w/ decay product, ideal mixture",48,2026-03-21 19:39:38.047923
21644,14768,5412,3693,10000,10000,ideal_mix,event-CNN,quark_jet_2_cut_eventCNN_L_3000_aa_wo_product_case_5_ideal_mix_10,0.6749699711799622,0.5956068094453597,0.5702996210044812,0.647574782371521,0.7113,0.77786892,"quark jet: = 2, L: 3000 fb^-1, aa, w/o decay product, ideal mixture",69,2026-03-21 19:41:42.557731
21644,14768,5412,3693,10000,10000,ideal_mix,event-CNN,quark_jet_2_cut_eventCNN_L_3000_aa_w_product_ideal_mix_05,0.6688861846923828,0.5942888522789675,0.5865135274201867,0.6397117972373962,0.70585,0.772965305,"quark jet: = 2, L: 3000 fb^-1, aa, w/ decay product, ideal mixture",49,2026-03-21 19:42:57.468678
21644,14768,5412,3693,10000,10000,ideal_mix,event-CNN,quark_jet_2_cut_eventCNN_L_3000_aa_w_product_ideal_mix_06,0.6684724688529968,0.5957166392092257,0.5796989830543753,0.6346858143806458,0.7124,0.7784885149999999,"quark jet: = 2, L: 3000 fb^-1, aa, w/ decay product, ideal mixture",50,2026-03-21 19:46:12.253116
21644,14768,5412,3693,10000,10000,ideal_mix,event-CNN,quark_jet_2_cut_eventCNN_L_3000_aa_w_product_ideal_mix_07,0.6679912805557251,0.5951674903898957,0.5905909264025806,0.6158863306045532,0.72065,0.7887503100000001,"quark jet: = 2, L: 3000 fb^-1, aa, w/ decay product, ideal mixture",68,2026-03-21 19:50:15.758588
21644,14768,5412,3693,10000,10000,ideal_mix,event-CNN,quark_jet_2_cut_eventCNN_L_3000_aa_w_product_ideal_mix_08,0.6661785244941711,0.5981328940142778,0.5886556216200962,0.6393445730209351,0.7051,0.77471161,"quark jet: = 2, L: 3000 fb^-1, aa, w/ decay product, ideal mixture",65,2026-03-21 19:53:56.973558
21644,14768,5412,3693,10000,10000,ideal_mix,event-CNN,quark_jet_2_cut_eventCNN_L_3000_aa_w_product_ideal_mix_09,0.666225254535675,0.5968149368478858,0.5842031197433311,0.6374221444129944,0.7096,0.7792467999999999,"quark jet: = 2, L: 3000 fb^-1, aa, w/ decay product, ideal mixture",62,2026-03-21 19:57:40.679556
21644,14768,5412,3693,10000,10000,ideal_mix,event-CNN,quark_jet_2_cut_eventCNN_L_3000_aa_w_product_ideal_mix_10,0.672027587890625,0.5961559582646897,0.5568849768513933,0.6910820603370667,0.65445,0.715137745,"quark jet: = 2, L: 3000 fb^-1, aa, w/ decay product, ideal mixture",37,2026-03-21 20:00:20.995977
720,491,180,124,10000,10000,CWoLa,event-CNN,quark_jet_2_cut_eventCNN_L_100_aa_w_product_flip_only_01,0.6555337905883789,0.6282894736842105,0.6125,0.7015136480331421,0.59735,0.6355346399999999,"quark jet: = 2, L: 100 fb^-1, aa, w/ decay product, flipping only",84,2026-03-22 01:00:50.427681
720,491,180,124,10000,10000,CWoLa,event-CNN,quark_jet_2_cut_eventCNN_L_100_aa_wo_product_case_5_flip_only_01,0.6543683409690857,0.6710526315789473,0.6238799283154123,0.6476196646690369,0.6644,0.716044635,"quark jet: = 2, L: 100 fb^-1, aa, w/o decay product, flipping only",69,2026-03-22 01:00:52.382222
720,491,180,124,10000,10000,CWoLa,event-CNN,quark_jet_2_cut_eventCNN_L_100_aa_wo_product_case_5_flip_only_02,0.6523823738098145,0.6447368421052632,0.6275089605734767,0.6594998240470886,0.62915,0.68068714,"quark jet: = 2, L: 100 fb^-1, aa, w/o decay product, flipping only",70,2026-03-22 01:02:18.079856
720,491,180,124,10000,10000,CWoLa,event-CNN,quark_jet_2_cut_eventCNN_L_100_aa_w_product_flip_only_02,0.654363214969635,0.6414473684210527,0.6307347670250897,0.676304817199707,0.5979,0.6368481199999999,"quark jet: = 2, L: 100 fb^-1, aa, w/ decay product, flipping only",93,2026-03-22 01:02:22.935516
720,491,180,124,10000,10000,CWoLa,event-CNN,quark_jet_2_cut_eventCNN_L_100_aa_wo_product_case_5_flip_only_03,0.6388251185417175,0.6578947368421053,0.6629032258064517,0.6384115815162659,0.67255,0.72962404,"quark jet: = 2, L: 100 fb^-1, aa, w/o decay product, flipping only",104,2026-03-22 01:03:51.873017
720,491,180,124,10000,10000,CWoLa,event-CNN,quark_jet_2_cut_eventCNN_L_100_aa_w_product_flip_only_03,0.665547788143158,0.618421052631579,0.5902329749103943,0.6780833601951599,0.62005,0.66702889,"quark jet: = 2, L: 100 fb^-1, aa, w/ decay product, flipping only",103,2026-03-22 01:04:05.629413
720,491,180,124,10000,10000,CWoLa,event-CNN,quark_jet_2_cut_eventCNN_L_100_aa_wo_product_case_5_flip_only_04,0.6559136509895325,0.6348684210526315,0.6356182795698926,0.6469436287879944,0.6547,0.70799479,"quark jet: = 2, L: 100 fb^-1, aa, w/o decay product, flipping only",87,2026-03-22 01:05:01.258513
720,491,180,124,10000,10000,CWoLa,event-CNN,quark_jet_2_cut_eventCNN_L_100_aa_w_product_flip_only_04,0.6501463651657104,0.6348684210526315,0.6423387096774194,0.6848822832107544,0.6294,0.673583395,"quark jet: = 2, L: 100 fb^-1, aa, w/ decay product, flipping only",101,2026-03-22 01:05:47.698911
720,491,180,124,10000,10000,CWoLa,event-CNN,quark_jet_2_cut_eventCNN_L_100_aa_wo_product_case_5_flip_only_05,0.6784764528274536,0.5986842105263158,0.5435931899641577,0.6682810187339783,0.61995,0.664508865,"quark jet: = 2, L: 100 fb^-1, aa, w/o decay product, flipping only",62,2026-03-22 01:06:03.488338
720,491,180,124,10000,10000,CWoLa,event-CNN,quark_jet_2_cut_eventCNN_L_100_aa_w_product_flip_only_05,0.6702355146408081,0.618421052631579,0.5674283154121864,0.6897859573364258,0.5684,0.594883585,"quark jet: = 2, L: 100 fb^-1, aa, w/ decay product, flipping only",83,2026-03-22 01:07:12.203408
720,491,180,124,10000,10000,CWoLa,event-CNN,quark_jet_2_cut_eventCNN_L_100_aa_wo_product_case_5_flip_only_06,0.6406885981559753,0.6546052631578947,0.6607078853046595,0.6465879678726196,0.6631,0.71608823,"quark jet: = 2, L: 100 fb^-1, aa, w/o decay product, flipping only",96,2026-03-22 01:07:32.307160
720,491,180,124,10000,10000,CWoLa,event-CNN,quark_jet_2_cut_eventCNN_L_100_aa_w_product_flip_only_06,0.6374318599700928,0.6414473684210527,0.6621863799283154,0.6741496920585632,0.62965,0.678292935,"quark jet: = 2, L: 100 fb^-1, aa, w/ decay product, flipping only",115,2026-03-22 01:08:35.704944
720,491,180,124,10000,10000,CWoLa,event-CNN,quark_jet_2_cut_eventCNN_L_100_aa_wo_product_case_5_flip_only_07,0.650656521320343,0.6381578947368421,0.6368279569892472,0.6428439021110535,0.66235,0.720193965,"quark jet: = 2, L: 100 fb^-1, aa, w/o decay product, flipping only",86,2026-03-22 01:08:54.498175
720,491,180,124,10000,10000,CWoLa,event-CNN,quark_jet_2_cut_eventCNN_L_100_aa_w_product_flip_only_07,0.6651774048805237,0.631578947368421,0.584005376344086,0.6781836152076721,0.60205,0.6357254800000001,"quark jet: = 2, L: 100 fb^-1, aa, w/ decay product, flipping only",81,2026-03-22 01:09:49.233890
720,491,180,124,10000,10000,CWoLa,event-CNN,quark_jet_2_cut_eventCNN_L_100_aa_wo_product_case_5_flip_only_08,0.6479780673980713,0.6480263157894737,0.650358422939068,0.6456267833709717,0.6442,0.697822165,"quark jet: = 2, L: 100 fb^-1, aa, w/o decay product, flipping only",73,2026-03-22 01:10:24.184433
720,491,180,124,10000,10000,CWoLa,event-CNN,quark_jet_2_cut_eventCNN_L_100_aa_w_product_flip_only_08,0.656329333782196,0.625,0.6167114695340502,0.6713196039199829,0.6136,0.6574897599999999,"quark jet: = 2, L: 100 fb^-1, aa, w/ decay product, flipping only",120,2026-03-22 01:11:12.253879
720,491,180,124,10000,10000,CWoLa,event-CNN,quark_jet_2_cut_eventCNN_L_100_aa_wo_product_case_5_flip_only_09,0.6643319725990295,0.6381578947368421,0.6060483870967742,0.6560153365135193,0.6395,0.685876795,"quark jet: = 2, L: 100 fb^-1, aa, w/o decay product, flipping only",71,2026-03-22 01:11:32.980778
720,491,180,124,10000,10000,CWoLa,event-CNN,quark_jet_2_cut_eventCNN_L_100_aa_w_product_flip_only_09,0.6523795127868652,0.631578947368421,0.6335573476702508,0.6736242771148682,0.6135,0.65421357,"quark jet: = 2, L: 100 fb^-1, aa, w/ decay product, flipping only",88,2026-03-22 01:12:32.634142
720,491,180,124,10000,10000,CWoLa,event-CNN,quark_jet_2_cut_eventCNN_L_100_aa_wo_product_case_5_flip_only_10,0.6778788566589355,0.6151315789473685,0.5699820788530466,0.6478786468505859,0.65605,0.7090944749999999,"quark jet: = 2, L: 100 fb^-1, aa, w/o decay product, flipping only",78,2026-03-22 01:12:43.414756
720,491,180,124,10000,10000,CWoLa,event-CNN,quark_jet_2_cut_eventCNN_L_100_aa_w_product_flip_only_10,0.6896050572395325,0.5953947368421053,0.506720430107527,0.6806564331054688,0.5889,0.61342063,"quark jet: = 2, L: 100 fb^-1, aa, w/ decay product, flipping only",60,2026-03-22 01:13:39.068527
2162,1475,542,370,10000,10000,CWoLa,event-CNN,quark_jet_2_cut_eventCNN_L_300_aa_wo_product_case_5_flip_only_01,0.6479657888412476,0.625,0.6462950034905756,0.6341391801834106,0.66685,0.722225055,"quark jet: = 2, L: 300 fb^-1, aa, w/o decay product, flipping only",111,2026-03-22 01:14:27.302290
2162,1475,542,370,10000,10000,CWoLa,event-CNN,quark_jet_2_cut_eventCNN_L_300_aa_w_product_flip_only_01,0.646332859992981,0.6293859649122807,0.641557793956318,0.6554614901542664,0.65365,0.70626024,"quark jet: = 2, L: 300 fb^-1, aa, w/ decay product, flipping only",117,2026-03-22 01:15:35.235920
2162,1475,542,370,10000,10000,CWoLa,event-CNN,quark_jet_2_cut_eventCNN_L_300_aa_wo_product_case_5_flip_only_02,0.6561054587364197,0.6173245614035088,0.6187992420464745,0.661969006061554,0.6605,0.7147837300000001,"quark jet: = 2, L: 300 fb^-1, aa, w/o decay product, flipping only",59,2026-03-22 01:15:47.007715
2162,1475,542,370,10000,10000,CWoLa,event-CNN,quark_jet_2_cut_eventCNN_L_300_aa_wo_product_case_5_flip_only_03,0.6479991674423218,0.631578947368421,0.635603869552209,0.6436954140663147,0.67645,0.7358083200000001,"quark jet: = 2, L: 300 fb^-1, aa, w/o decay product, flipping only",75,2026-03-22 01:17:14.883648
2162,1475,542,370,10000,10000,CWoLa,event-CNN,quark_jet_2_cut_eventCNN_L_300_aa_w_product_flip_only_02,0.6539916396141052,0.6217105263157895,0.631450084771118,0.6527306437492371,0.64415,0.6935402500000001,"quark jet: = 2, L: 300 fb^-1, aa, w/ decay product, flipping only",120,2026-03-22 01:17:20.985000
2162,1475,542,370,10000,10000,CWoLa,event-CNN,quark_jet_2_cut_eventCNN_L_300_aa_wo_product_case_5_flip_only_04,0.6421322822570801,0.6447368421052632,0.6587912635883115,0.6446840167045593,0.66485,0.7179556300000001,"quark jet: = 2, L: 300 fb^-1, aa, w/o decay product, flipping only",113,2026-03-22 01:18:53.398436
2162,1475,542,370,10000,10000,CWoLa,event-CNN,quark_jet_2_cut_eventCNN_L_300_aa_w_product_flip_only_03,0.6547978520393372,0.6392543859649122,0.6154632492270868,0.6551856398582458,0.648,0.699254305,"quark jet: = 2, L: 300 fb^-1, aa, w/ decay product, flipping only",73,2026-03-22 01:18:56.075553
2162,1475,542,370,10000,10000,CWoLa,event-CNN,quark_jet_2_cut_eventCNN_L_300_aa_wo_product_case_5_flip_only_05,0.6414348483085632,0.643640350877193,0.653690036900369,0.6412786841392517,0.6667,0.720914455,"quark jet: = 2, L: 300 fb^-1, aa, w/o decay product, flipping only",85,2026-03-22 01:20:23.139058
2162,1475,542,370,10000,10000,CWoLa,event-CNN,quark_jet_2_cut_eventCNN_L_300_aa_w_product_flip_only_04,0.6450058817863464,0.6337719298245614,0.6486785678667597,0.6504464149475098,0.6582,0.7115624599999999,"quark jet: = 2, L: 300 fb^-1, aa, w/ decay product, flipping only",121,2026-03-22 01:20:48.495575
2162,1475,542,370,10000,10000,CWoLa,event-CNN,quark_jet_2_cut_eventCNN_L_300_aa_wo_product_case_5_flip_only_06,0.6532899141311646,0.6293859649122807,0.6257903660117683,0.6511130928993225,0.66595,0.719886645,"quark jet: = 2, L: 300 fb^-1, aa, w/o decay product, flipping only",62,2026-03-22 01:21:51.722793
2162,1475,542,370,10000,10000,CWoLa,event-CNN,quark_jet_2_cut_eventCNN_L_300_aa_w_product_flip_only_05,0.6514827013015747,0.6326754385964912,0.6208387354143812,0.6804765462875366,0.6306,0.67617176,"quark jet: = 2, L: 300 fb^-1, aa, w/ decay product, flipping only",78,2026-03-22 01:22:18.320272
2162,1475,542,370,10000,10000,CWoLa,event-CNN,quark_jet_2_cut_eventCNN_L_300_aa_wo_product_case_5_flip_only_07,0.651823878288269,0.6293859649122807,0.6326917323227286,0.6346133351325989,0.6712,0.73110602,"quark jet: = 2, L: 300 fb^-1, aa, w/o decay product, flipping only",75,2026-03-22 01:23:17.443592
2162,1475,542,370,10000,10000,CWoLa,event-CNN,quark_jet_2_cut_eventCNN_L_300_aa_w_product_flip_only_06,0.659254789352417,0.6348684210526315,0.6021442106312955,0.6814426779747009,0.61565,0.65794962,"quark jet: = 2, L: 300 fb^-1, aa, w/ decay product, flipping only",64,2026-03-22 01:23:42.472228
2162,1475,542,370,10000,10000,CWoLa,event-CNN,quark_jet_2_cut_eventCNN_L_300_aa_wo_product_case_5_flip_only_08,0.6529476642608643,0.6359649122807017,0.6182457365114192,0.6501376628875732,0.6647,0.7221716749999999,"quark jet: = 2, L: 300 fb^-1, aa, w/o decay product, flipping only",70,2026-03-22 01:24:38.566556
2162,1475,542,370,10000,10000,CWoLa,event-CNN,quark_jet_2_cut_eventCNN_L_300_aa_w_product_flip_only_07,0.6544396281242371,0.6151315789473685,0.6228183903460657,0.6591212153434753,0.66335,0.7163611200000001,"quark jet: = 2, L: 300 fb^-1, aa, w/ decay product, flipping only",119,2026-03-22 01:25:32.316668
2162,1475,542,370,10000,10000,CWoLa,event-CNN,quark_jet_2_cut_eventCNN_L_300_aa_wo_product_case_5_flip_only_09,0.6583400964736938,0.6173245614035088,0.6183604268475117,0.6545283198356628,0.66785,0.72766136,"quark jet: = 2, L: 300 fb^-1, aa, w/o decay product, flipping only",64,2026-03-22 01:26:04.142937
2162,1475,542,370,10000,10000,CWoLa,event-CNN,quark_jet_2_cut_eventCNN_L_300_aa_w_product_flip_only_08,0.6508832573890686,0.6173245614035088,0.6304078986735814,0.6546931862831116,0.65685,0.71008509,"quark jet: = 2, L: 300 fb^-1, aa, w/ decay product, flipping only",102,2026-03-22 01:27:06.321158
2162,1475,542,370,10000,10000,CWoLa,event-CNN,quark_jet_2_cut_eventCNN_L_300_aa_wo_product_case_5_flip_only_10,0.6602869629859924,0.6107456140350878,0.6095891094046075,0.6690271496772766,0.655,0.714599435,"quark jet: = 2, L: 300 fb^-1, aa, w/o decay product, flipping only",52,2026-03-22 01:27:20.177555
2162,1475,542,370,10000,10000,CWoLa,event-CNN,quark_jet_2_cut_eventCNN_L_300_aa_w_product_flip_only_09,0.6592846512794495,0.6206140350877193,0.6153435723546425,0.6618313193321228,0.6508,0.704387745,"quark jet: = 2, L: 300 fb^-1, aa, w/ decay product, flipping only",88,2026-03-22 01:28:42.329381
6492,4429,1624,1108,10000,10000,CWoLa,event-CNN,quark_jet_2_cut_eventCNN_L_900_aa_wo_product_case_5_flip_only_01,0.6439599990844727,0.633601756954612,0.6457414504454837,0.6452369093894958,0.67765,0.7344753750000002,"quark jet: = 2, L: 900 fb^-1, aa, w/o decay product, flipping only",58,2026-03-22 01:29:04.167507
2162,1475,542,370,10000,10000,CWoLa,event-CNN,quark_jet_2_cut_eventCNN_L_300_aa_w_product_flip_only_10,0.6648499369621277,0.6008771929824561,0.5988231774209634,0.6552653908729553,0.6475,0.70065713,"quark jet: = 2, L: 300 fb^-1, aa, w/ decay product, flipping only",86,2026-03-22 01:30:14.901660
6492,4429,1624,1108,10000,10000,CWoLa,event-CNN,quark_jet_2_cut_eventCNN_L_900_aa_wo_product_case_5_flip_only_02,0.6446247696876526,0.6288433382137628,0.6537333165869361,0.64167320728302,0.66795,0.7248149349999999,"quark jet: = 2, L: 900 fb^-1, aa, w/o decay product, flipping only",80,2026-03-22 01:31:04.096093
6492,4429,1624,1108,10000,10000,CWoLa,event-CNN,quark_jet_2_cut_eventCNN_L_900_aa_w_product_flip_only_01,0.6485112905502319,0.62701317715959,0.6347077234977148,0.6470528244972229,0.6724,0.73136584,"quark jet: = 2, L: 900 fb^-1, aa, w/ decay product, flipping only",70,2026-03-22 01:32:17.638397
6492,4429,1624,1108,10000,10000,CWoLa,event-CNN,quark_jet_2_cut_eventCNN_L_900_aa_wo_product_case_5_flip_only_03,0.6324145793914795,0.6489751098096632,0.6711094636410521,0.6643472909927368,0.6622,0.716786245,"quark jet: = 2, L: 900 fb^-1, aa, w/o decay product, flipping only",87,2026-03-22 01:33:12.257454
6492,4429,1624,1108,10000,10000,CWoLa,event-CNN,quark_jet_2_cut_eventCNN_L_900_aa_w_product_flip_only_02,0.6520742774009705,0.6182284040995608,0.6296715779552204,0.6564638018608093,0.66535,0.722082355,"quark jet: = 2, L: 900 fb^-1, aa, w/ decay product, flipping only",65,2026-03-22 01:34:08.370894
6492,4429,1624,1108,10000,10000,CWoLa,event-CNN,quark_jet_2_cut_eventCNN_L_900_aa_wo_product_case_5_flip_only_04,0.644649863243103,0.6233528550512445,0.6517368088776654,0.6394153833389282,0.66725,0.7204803,"quark jet: = 2, L: 900 fb^-1, aa, w/o decay product, flipping only",75,2026-03-22 01:35:08.481500
6492,4429,1624,1108,10000,10000,CWoLa,event-CNN,quark_jet_2_cut_eventCNN_L_900_aa_w_product_flip_only_03,0.6354832053184509,0.6398243045387995,0.6644897276413366,0.6434305906295776,0.67285,0.7332836399999999,"quark jet: = 2, L: 900 fb^-1, aa, w/ decay product, flipping only",86,2026-03-22 01:36:21.146094
6492,4429,1624,1108,10000,10000,CWoLa,event-CNN,quark_jet_2_cut_eventCNN_L_900_aa_wo_product_case_5_flip_only_05,0.642199695110321,0.640190336749634,0.6617526920204159,0.6459535360336304,0.67255,0.73031643,"quark jet: = 2, L: 900 fb^-1, aa, w/o decay product, flipping only",88,2026-03-22 01:37:14.250682
6492,4429,1624,1108,10000,10000,CWoLa,event-CNN,quark_jet_2_cut_eventCNN_L_900_aa_w_product_flip_only_04,0.649813175201416,0.6182284040995608,0.6392431443509807,0.6378048062324524,0.6645,0.72265969,"quark jet: = 2, L: 900 fb^-1, aa, w/ decay product, flipping only",83,2026-03-22 01:38:25.205473
6492,4429,1624,1108,10000,10000,CWoLa,event-CNN,quark_jet_2_cut_eventCNN_L_900_aa_wo_product_case_5_flip_only_06,0.634577214717865,0.6343338213762811,0.6677049803489179,0.6480417251586914,0.658,0.71023524,"quark jet: = 2, L: 900 fb^-1, aa, w/o decay product, flipping only",94,2026-03-22 01:39:23.741543
6492,4429,1624,1108,10000,10000,CWoLa,event-CNN,quark_jet_2_cut_eventCNN_L_900_aa_w_product_flip_only_05,0.6442064642906189,0.6332357247437774,0.6501112598033114,0.6514856219291687,0.66955,0.725850235,"quark jet: = 2, L: 900 fb^-1, aa, w/ decay product, flipping only",80,2026-03-22 01:40:31.889246
6492,4429,1624,1108,10000,10000,CWoLa,event-CNN,quark_jet_2_cut_eventCNN_L_900_aa_wo_product_case_5_flip_only_07,0.6321118474006653,0.6420204978038068,0.6711872676993118,0.6477674245834351,0.66235,0.71869615,"quark jet: = 2, L: 900 fb^-1, aa, w/o decay product, flipping only",82,2026-03-22 01:41:25.783840
6492,4429,1624,1108,10000,10000,CWoLa,event-CNN,quark_jet_2_cut_eventCNN_L_900_aa_w_product_flip_only_06,0.6433457136154175,0.633601756954612,0.6507353594992087,0.6429787874221802,0.67075,0.7276327250000001,"quark jet: = 2, L: 900 fb^-1, aa, w/ decay product, flipping only",90,2026-03-22 01:42:51.330637
6492,4429,1624,1108,10000,10000,CWoLa,event-CNN,quark_jet_2_cut_eventCNN_L_900_aa_wo_product_case_5_flip_only_08,0.6510680913925171,0.6295754026354319,0.6404218758336149,0.6329759955406189,0.6695,0.726476315,"quark jet: = 2, L: 900 fb^-1, aa, w/o decay product, flipping only",106,2026-03-22 01:43:41.120849
6492,4429,1624,1108,10000,10000,CWoLa,event-CNN,quark_jet_2_cut_eventCNN_L_900_aa_w_product_flip_only_07,0.6389978528022766,0.6390922401171303,0.6553313563692624,0.6459740400314331,0.67115,0.72760296,"quark jet: = 2, L: 900 fb^-1, aa, w/ decay product, flipping only",77,2026-03-22 01:44:57.612831
6492,4429,1624,1108,10000,10000,CWoLa,event-CNN,quark_jet_2_cut_eventCNN_L_900_aa_wo_product_case_5_flip_only_09,0.6433349251747131,0.6303074670571011,0.6525312438868239,0.6382297873497009,0.66005,0.71561773,"quark jet: = 2, L: 900 fb^-1, aa, w/o decay product, flipping only",86,2026-03-22 01:45:47.438056
6492,4429,1624,1108,10000,10000,CWoLa,event-CNN,quark_jet_2_cut_eventCNN_L_900_aa_w_product_flip_only_08,0.6525456309318542,0.6193265007320644,0.6358553333570451,0.6511245965957642,0.6756,0.736941955,"quark jet: = 2, L: 900 fb^-1, aa, w/ decay product, flipping only",84,2026-03-22 01:47:04.842328
6492,4429,1624,1108,10000,10000,CWoLa,event-CNN,quark_jet_2_cut_eventCNN_L_900_aa_wo_product_case_5_flip_only_10,0.6542152166366577,0.6185944363103953,0.6213318165246928,0.6524634957313538,0.67725,0.731312065,"quark jet: = 2, L: 900 fb^-1, aa, w/o decay product, flipping only",43,2026-03-22 01:47:12.993281
6492,4429,1624,1108,10000,10000,CWoLa,event-CNN,quark_jet_2_cut_eventCNN_L_900_aa_w_product_flip_only_09,0.6435378193855286,0.6266471449487555,0.6495649641656738,0.6393269300460815,0.67105,0.727817015,"quark jet: = 2, L: 900 fb^-1, aa, w/ decay product, flipping only",89,2026-03-22 01:49:22.750739
12985,8860,3248,2216,10000,10000,CWoLa,event-CNN,quark_jet_2_cut_eventCNN_L_1800_aa_wo_product_case_5_flip_only_01,0.638227105140686,0.6310395314787701,0.6555764391527805,0.6413692235946655,0.67595,0.7385963000000001,"quark jet: = 2, L: 1800 fb^-1, aa, w/o decay product, flipping only",61,2026-03-22 01:49:33.241680
6492,4429,1624,1108,10000,10000,CWoLa,event-CNN,quark_jet_2_cut_eventCNN_L_900_aa_w_product_flip_only_10,0.6533134579658508,0.6127379209370425,0.6310520442460564,0.6629749536514282,0.6618,0.7185650050000001,"quark jet: = 2, L: 900 fb^-1, aa, w/ decay product, flipping only",116,2026-03-22 01:52:06.563883
12985,8860,3248,2216,10000,10000,CWoLa,event-CNN,quark_jet_2_cut_eventCNN_L_1800_aa_wo_product_case_5_flip_only_02,0.6268911957740784,0.6379941434846267,0.6801985754076934,0.6520205140113831,0.67315,0.727244045,"quark jet: = 2, L: 1800 fb^-1, aa, w/o decay product, flipping only",86,2026-03-22 01:52:28.280883
12985,8860,3248,2216,10000,10000,CWoLa,event-CNN,quark_jet_2_cut_eventCNN_L_1800_aa_wo_product_case_5_flip_only_03,0.6360477805137634,0.6442166910688141,0.6683854879870534,0.6342748403549194,0.66975,0.72372444,"quark jet: = 2, L: 1800 fb^-1, aa, w/o decay product, flipping only",73,2026-03-22 01:55:09.925089
12985,8860,3248,2216,10000,10000,CWoLa,event-CNN,quark_jet_2_cut_eventCNN_L_1800_aa_w_product_flip_only_01,0.6420009732246399,0.6277452415812591,0.6556174946870943,0.6353689432144165,0.67675,0.7351655850000001,"quark jet: = 2, L: 1800 fb^-1, aa, w/ decay product, flipping only",82,2026-03-22 01:55:15.901607
12985,8860,3248,2216,10000,10000,CWoLa,event-CNN,quark_jet_2_cut_eventCNN_L_1800_aa_wo_product_case_5_flip_only_04,0.6335205435752869,0.6326866764275256,0.6686059096628194,0.6357179284095764,0.66835,0.7262338899999999,"quark jet: = 2, L: 1800 fb^-1, aa, w/o decay product, flipping only",66,2026-03-22 01:57:43.107661
12985,8860,3248,2216,10000,10000,CWoLa,event-CNN,quark_jet_2_cut_eventCNN_L_1800_aa_w_product_flip_only_02,0.6363692283630371,0.6317715959004392,0.6616924633431738,0.631629228591919,0.6751,0.737645645,"quark jet: = 2, L: 1800 fb^-1, aa, w/ decay product, flipping only",68,2026-03-22 01:57:59.398235
12985,8860,3248,2216,10000,10000,CWoLa,event-CNN,quark_jet_2_cut_eventCNN_L_1800_aa_wo_product_case_5_flip_only_05,0.6362379789352417,0.635614934114202,0.6659796058891003,0.6525977849960327,0.6808,0.7394638649999999,"quark jet: = 2, L: 1800 fb^-1, aa, w/o decay product, flipping only",77,2026-03-22 02:00:26.748716
12985,8860,3248,2216,10000,10000,CWoLa,event-CNN,quark_jet_2_cut_eventCNN_L_1800_aa_w_product_flip_only_03,0.640012264251709,0.6303074670571011,0.6591975233856769,0.6677572131156921,0.65635,0.7110090649999999,"quark jet: = 2, L: 1800 fb^-1, aa, w/ decay product, flipping only",104,2026-03-22 02:01:45.402569
12985,8860,3248,2216,10000,10000,CWoLa,event-CNN,quark_jet_2_cut_eventCNN_L_1800_aa_wo_product_case_5_flip_only_06,0.6373433470726013,0.6407393850658858,0.6667862672502712,0.6284350752830505,0.6762,0.7363473199999999,"quark jet: = 2, L: 1800 fb^-1, aa, w/o decay product, flipping only",82,2026-03-22 02:03:06.962460
12985,8860,3248,2216,10000,10000,CWoLa,event-CNN,quark_jet_2_cut_eventCNN_L_1800_aa_wo_product_case_5_flip_only_07,0.6363701224327087,0.6365300146412884,0.6647532888886913,0.6324223875999451,0.67475,0.735315445,"quark jet: = 2, L: 1800 fb^-1, aa, w/o decay product, flipping only",72,2026-03-22 02:05:38.048453
12985,8860,3248,2216,10000,10000,CWoLa,event-CNN,quark_jet_2_cut_eventCNN_L_1800_aa_w_product_flip_only_04,0.6391294598579407,0.6308565153733529,0.6595761234906012,0.6347436308860779,0.6633,0.7206452,"quark jet: = 2, L: 1800 fb^-1, aa, w/ decay product, flipping only",105,2026-03-22 02:05:41.700172
12985,8860,3248,2216,10000,10000,CWoLa,event-CNN,quark_jet_2_cut_eventCNN_L_1800_aa_wo_product_case_5_flip_only_08,0.6282674074172974,0.6427525622254758,0.6791236289813448,0.6547991037368774,0.6747,0.730601825,"quark jet: = 2, L: 1800 fb^-1, aa, w/o decay product, flipping only",100,2026-03-22 02:08:49.239163
12985,8860,3248,2216,10000,10000,CWoLa,event-CNN,quark_jet_2_cut_eventCNN_L_1800_aa_w_product_flip_only_05,0.6436445116996765,0.6191434846266471,0.6487285705393822,0.6458664536476135,0.67875,0.736438255,"quark jet: = 2, L: 1800 fb^-1, aa, w/ decay product, flipping only",78,2026-03-22 02:08:55.336374
12985,8860,3248,2216,10000,10000,CWoLa,event-CNN,quark_jet_2_cut_eventCNN_L_1800_aa_wo_product_case_5_flip_only_09,0.6387316584587097,0.6363469985358712,0.6625281622903736,0.6291446089744568,0.6712,0.7274326950000001,"quark jet: = 2, L: 1800 fb^-1, aa, w/o decay product, flipping only",71,2026-03-22 02:11:22.938891
12985,8860,3248,2216,10000,10000,CWoLa,event-CNN,quark_jet_2_cut_eventCNN_L_1800_aa_w_product_flip_only_06,0.6410984396934509,0.6246339677891655,0.6513143050541516,0.6321649551391602,0.681,0.7417961200000001,"quark jet: = 2, L: 1800 fb^-1, aa, w/ decay product, flipping only",77,2026-03-22 02:12:05.816662
12985,8860,3248,2216,10000,10000,CWoLa,event-CNN,quark_jet_2_cut_eventCNN_L_1800_aa_wo_product_case_5_flip_only_10,0.626354992389679,0.6339677891654466,0.676320807250449,0.6421660780906677,0.6742,0.73092607,"quark jet: = 2, L: 1800 fb^-1, aa, w/o decay product, flipping only",80,2026-03-22 02:14:14.707396
12985,8860,3248,2216,10000,10000,CWoLa,event-CNN,quark_jet_2_cut_eventCNN_L_1800_aa_w_product_flip_only_07,0.6419529318809509,0.6290263543191801,0.6508738090421654,0.6587056517601013,0.66845,0.7281850550000001,"quark jet: = 2, L: 1800 fb^-1, aa, w/ decay product, flipping only",87,2026-03-22 02:15:27.523249
21644,14768,5412,3693,10000,10000,CWoLa,event-CNN,quark_jet_2_cut_eventCNN_L_3000_aa_wo_product_case_5_flip_only_01,0.6336822509765625,0.6373421197144427,0.670761402337456,0.6355852484703064,0.67135,0.723928655,"quark jet: = 2, L: 3000 fb^-1, aa, w/o decay product, flipping only",76,2026-03-22 02:17:55.201069
12985,8860,3248,2216,10000,10000,CWoLa,event-CNN,quark_jet_2_cut_eventCNN_L_1800_aa_w_product_flip_only_08,0.6337437033653259,0.6464128843338214,0.6745720915731537,0.629800021648407,0.6791,0.73601406,"quark jet: = 2, L: 1800 fb^-1, aa, w/ decay product, flipping only",96,2026-03-22 02:19:11.731290
21644,14768,5412,3693,10000,10000,CWoLa,event-CNN,quark_jet_2_cut_eventCNN_L_3000_aa_wo_product_case_5_flip_only_02,0.6327584385871887,0.6349258649093904,0.6679907093362345,0.6471512317657471,0.68395,0.737695725,"quark jet: = 2, L: 3000 fb^-1, aa, w/o decay product, flipping only",61,2026-03-22 02:20:58.151061
12985,8860,3248,2216,10000,10000,CWoLa,event-CNN,quark_jet_2_cut_eventCNN_L_1800_aa_w_product_flip_only_09,0.6428881883621216,0.6341508052708639,0.6600466991072539,0.6363832354545593,0.67015,0.726336905,"quark jet: = 2, L: 1800 fb^-1, aa, w/ decay product, flipping only",99,2026-03-22 02:22:54.743144
21644,14768,5412,3693,10000,10000,CWoLa,event-CNN,quark_jet_2_cut_eventCNN_L_3000_aa_wo_product_case_5_flip_only_03,0.626202404499054,0.6422844590884129,0.6803741082237644,0.6401978731155396,0.67285,0.725898845,"quark jet: = 2, L: 3000 fb^-1, aa, w/o decay product, flipping only",69,2026-03-22 02:24:30.006533
12985,8860,3248,2216,10000,10000,CWoLa,event-CNN,quark_jet_2_cut_eventCNN_L_1800_aa_w_product_flip_only_10,0.6384218335151672,0.6308565153733529,0.6618941286834664,0.6357372999191284,0.6728,0.728414555,"quark jet: = 2, L: 1800 fb^-1, aa, w/ decay product, flipping only",79,2026-03-22 02:26:21.324519
21644,14768,5412,3693,10000,10000,CWoLa,event-CNN,quark_jet_2_cut_eventCNN_L_3000_aa_wo_product_case_5_flip_only_04,0.6313273906707764,0.6408566721581549,0.6763675570069341,0.6290391087532043,0.6764,0.733041005,"quark jet: = 2, L: 3000 fb^-1, aa, w/o decay product, flipping only",64,2026-03-22 02:27:35.179504
21644,14768,5412,3693,10000,10000,CWoLa,event-CNN,quark_jet_2_cut_eventCNN_L_3000_aa_w_product_flip_only_01,0.6319798827171326,0.6360241625480505,0.6708693751327145,0.641200840473175,0.67735,0.73205396,"quark jet: = 2, L: 3000 fb^-1, aa, w/ decay product, flipping only",82,2026-03-22 02:31:10.784168
21644,14768,5412,3693,10000,10000,CWoLa,event-CNN,quark_jet_2_cut_eventCNN_L_3000_aa_wo_product_case_5_flip_only_05,0.634641706943512,0.6417353102690829,0.6727969997372227,0.6613233089447021,0.6706,0.7229249849999999,"quark jet: = 2, L: 3000 fb^-1, aa, w/o decay product, flipping only",82,2026-03-22 02:31:37.811598
21644,14768,5412,3693,10000,10000,CWoLa,event-CNN,quark_jet_2_cut_eventCNN_L_3000_aa_w_product_flip_only_02,0.6350162029266357,0.6336079077429984,0.6652543394756745,0.636452317237854,0.67875,0.738070965,"quark jet: = 2, L: 3000 fb^-1, aa, w/ decay product, flipping only",73,2026-03-22 02:35:16.768162
21644,14768,5412,3693,10000,10000,CWoLa,event-CNN,quark_jet_2_cut_eventCNN_L_3000_aa_wo_product_case_5_flip_only_06,0.6334456205368042,0.642833607907743,0.675976843587947,0.63808274269104,0.6836,0.7430378799999999,"quark jet: = 2, L: 3000 fb^-1, aa, w/o decay product, flipping only",74,2026-03-22 02:35:25.222417
21644,14768,5412,3693,10000,10000,CWoLa,event-CNN,quark_jet_2_cut_eventCNN_L_3000_aa_wo_product_case_5_flip_only_07,0.6260625720024109,0.6462383305875893,0.6806173722323591,0.6402076482772827,0.68275,0.733944105,"quark jet: = 2, L: 3000 fb^-1, aa, w/o decay product, flipping only",65,2026-03-22 02:38:43.054644
21644,14768,5412,3693,10000,10000,CWoLa,event-CNN,quark_jet_2_cut_eventCNN_L_3000_aa_w_product_flip_only_03,0.6287551522254944,0.642833607907743,0.678929959578748,0.6364165544509888,0.6734,0.7331906199999999,"quark jet: = 2, L: 3000 fb^-1, aa, w/ decay product, flipping only",76,2026-03-22 02:39:55.709089
21644,14768,5412,3693,10000,10000,CWoLa,event-CNN,quark_jet_2_cut_eventCNN_L_3000_aa_wo_product_case_5_flip_only_08,0.6344252228736877,0.6414058209774849,0.6744841372053039,0.6296840906143188,0.67925,0.735059435,"quark jet: = 2, L: 3000 fb^-1, aa, w/o decay product, flipping only",90,2026-03-22 02:42:58.429814
21644,14768,5412,3693,10000,10000,CWoLa,event-CNN,quark_jet_2_cut_eventCNN_L_3000_aa_w_product_flip_only_04,0.631589949131012,0.6414058209774849,0.6754514393604167,0.641441285610199,0.66485,0.7192692549999999,"quark jet: = 2, L: 3000 fb^-1, aa, w/ decay product, flipping only",80,2026-03-22 02:44:34.255196
21644,14768,5412,3693,10000,10000,CWoLa,event-CNN,quark_jet_2_cut_eventCNN_L_3000_aa_wo_product_case_5_flip_only_09,0.6254298686981201,0.6522789676002196,0.6836965982465378,0.6277499794960022,0.67785,0.7380769150000001,"quark jet: = 2, L: 3000 fb^-1, aa, w/o decay product, flipping only",66,2026-03-22 02:46:28.931907
21644,14768,5412,3693,10000,10000,CWoLa,event-CNN,quark_jet_2_cut_eventCNN_L_3000_aa_w_product_flip_only_05,0.6408060193061829,0.628665568369028,0.6514960136123774,0.6348181962966919,0.6837,0.746338095,"quark jet: = 2, L: 3000 fb^-1, aa, w/ decay product, flipping only",63,2026-03-22 02:48:25.697388
21644,14768,5412,3693,10000,10000,CWoLa,event-CNN,quark_jet_2_cut_eventCNN_L_3000_aa_wo_product_case_5_flip_only_10,0.6253200173377991,0.642394288852279,0.6820352781845521,0.6342786550521851,0.67385,0.72594529,"quark jet: = 2, L: 3000 fb^-1, aa, w/o decay product, flipping only",85,2026-03-22 02:50:34.316229
21644,14768,5412,3693,10000,10000,CWoLa,event-CNN,quark_jet_2_cut_eventCNN_L_3000_aa_w_product_flip_only_06,0.6371133923530579,0.6340472267984624,0.6662394786565102,0.6215507388114929,0.6857,0.7422899399999999,"quark jet: = 2, L: 3000 fb^-1, aa, w/ decay product, flipping only",79,2026-03-22 02:52:50.576340
4320,2946,1080,744,10000,10000,CWoLa,event-CNN,quark_jet_2_cut_eventCNN_L_100_aa_wo_product_case_5_phi_aug_5_flip_only_01,0.6452978849411011,0.6414473684210527,0.6461058841099164,0.6436196565628052,0.6717,0.72661277,"quark jet: = 2, L: 100 fb^-1, aa, w/o decay product, phi shifting: +5, flipping only",40,2026-03-22 02:53:52.137260
4320,2946,1080,744,10000,10000,CWoLa,event-CNN,quark_jet_2_cut_eventCNN_L_100_aa_wo_product_case_5_phi_aug_5_flip_only_02,0.6453884243965149,0.6474780701754386,0.6528138689765034,0.6443873643875122,0.6558,0.7063322400000001,"quark jet: = 2, L: 100 fb^-1, aa, w/o decay product, phi shifting: +5, flipping only",49,2026-03-22 02:55:28.454024
4320,2946,1080,744,10000,10000,CWoLa,event-CNN,quark_jet_2_cut_eventCNN_L_100_aa_wo_product_case_5_phi_aug_5_flip_only_03,0.640502393245697,0.6408991228070176,0.6641290820390283,0.6317957043647766,0.67295,0.731740195,"quark jet: = 2, L: 100 fb^-1, aa, w/o decay product, phi shifting: +5, flipping only",59,2026-03-22 02:57:24.341709
21644,14768,5412,3693,10000,10000,CWoLa,event-CNN,quark_jet_2_cut_eventCNN_L_3000_aa_w_product_flip_only_07,0.6307001113891602,0.6376716090060406,0.6751486852435912,0.644002377986908,0.68135,0.736026735,"quark jet: = 2, L: 3000 fb^-1, aa, w/ decay product, flipping only",86,2026-03-22 02:57:39.783595
4320,2946,1080,744,10000,10000,CWoLa,event-CNN,quark_jet_2_cut_eventCNN_L_100_aa_wo_product_case_5_phi_aug_5_flip_only_04,0.6475834250450134,0.6381578947368421,0.6422615491835922,0.6616759896278381,0.64775,0.70045869,"quark jet: = 2, L: 100 fb^-1, aa, w/o decay product, phi shifting: +5, flipping only",45,2026-03-22 02:59:06.971910
4320,2946,1080,744,10000,10000,CWoLa,event-CNN,quark_jet_2_cut_eventCNN_L_100_aa_wo_product_case_5_phi_aug_5_flip_only_05,0.6795786619186401,0.6074561403508771,0.5661458333333333,0.6436200141906738,0.6627,0.717149535,"quark jet: = 2, L: 100 fb^-1, aa, w/o decay product, phi shifting: +5, flipping only",45,2026-03-22 03:00:48.049600
21644,14768,5412,3693,10000,10000,CWoLa,event-CNN,quark_jet_2_cut_eventCNN_L_3000_aa_w_product_flip_only_08,0.6447392106056213,0.6345963756177925,0.6620207343791185,0.6452570557594299,0.67775,0.7346132200000001,"quark jet: = 2, L: 3000 fb^-1, aa, w/ decay product, flipping only",80,2026-03-22 03:02:05.327624
4320,2946,1080,744,10000,10000,CWoLa,event-CNN,quark_jet_2_cut_eventCNN_L_100_aa_wo_product_case_5_phi_aug_5_flip_only_06,0.6340799331665039,0.6408991228070176,0.669856381919554,0.6515013575553894,0.65795,0.7100974950000001,"quark jet: = 2, L: 100 fb^-1, aa, w/o decay product, phi shifting: +5, flipping only",59,2026-03-22 03:02:37.687394
4320,2946,1080,744,10000,10000,CWoLa,event-CNN,quark_jet_2_cut_eventCNN_L_100_aa_wo_product_case_5_phi_aug_5_flip_only_07,0.6669456958770752,0.6348684210526315,0.6199086519315014,0.647628128528595,0.6471,0.6961634049999998,"quark jet: = 2, L: 100 fb^-1, aa, w/o decay product, phi shifting: +5, flipping only",39,2026-03-22 03:04:39.736254
21644,14768,5412,3693,10000,10000,CWoLa,event-CNN,quark_jet_2_cut_eventCNN_L_3000_aa_w_product_flip_only_09,0.6266425251960754,0.6515101592531576,0.6820820347078,0.6354933977127075,0.6707,0.72664054,"quark jet: = 2, L: 3000 fb^-1, aa, w/ decay product, flipping only",71,2026-03-22 03:05:58.319360
4320,2946,1080,744,10000,10000,CWoLa,event-CNN,quark_jet_2_cut_eventCNN_L_100_aa_wo_product_case_5_phi_aug_5_flip_only_08,0.6520989537239075,0.6271929824561403,0.6307683691756273,0.6562544107437134,0.6554,0.70854371,"quark jet: = 2, L: 100 fb^-1, aa, w/o decay product, phi shifting: +5, flipping only",51,2026-03-22 03:06:44.557120
4320,2946,1080,744,10000,10000,CWoLa,event-CNN,quark_jet_2_cut_eventCNN_L_100_aa_wo_product_case_5_phi_aug_5_flip_only_09,0.6549184918403625,0.6277412280701754,0.6237629430505774,0.6566593050956726,0.655,0.707294785,"quark jet: = 2, L: 100 fb^-1, aa, w/o decay product, phi shifting: +5, flipping only",44,2026-03-22 03:08:47.707945
21644,14768,5412,3693,10000,10000,CWoLa,event-CNN,quark_jet_2_cut_eventCNN_L_3000_aa_w_product_flip_only_10,0.6299504041671753,0.6440417353102691,0.6792168530022942,0.6423473954200745,0.66475,0.7165201849999999,"quark jet: = 2, L: 3000 fb^-1, aa, w/ decay product, flipping only",87,2026-03-22 03:10:28.831551
4320,2946,1080,744,10000,10000,CWoLa,event-CNN,quark_jet_2_cut_eventCNN_L_100_aa_wo_product_case_5_phi_aug_5_flip_only_10,0.6727228760719299,0.59375,0.5796931003584229,0.6508365273475647,0.661,0.71385067,"quark jet: = 2, L: 100 fb^-1, aa, w/o decay product, phi shifting: +5, flipping only",44,2026-03-22 03:10:44.280656
4320,2946,1080,744,10000,10000,CWoLa,event-CNN,quark_jet_2_cut_eventCNN_L_100_aa_w_product_phi_aug_5_01,0.6632705330848694,0.618421052631579,0.6085623257666268,0.6594682335853577,0.6216,0.67027978,"quark jet: = 2, L: 100 fb^-1, aa, w/ decay product, phi shifting: +5, flipping only",44,2026-03-22 03:13:19.536434
7920,5401,1980,1364,10000,10000,CWoLa,event-CNN,quark_jet_2_cut_eventCNN_L_100_aa_wo_product_case_5_phi_aug_10_flip_only_01,0.6450644135475159,0.6357655502392344,0.6507335081015433,0.6480222940444946,0.67685,0.7299216599999999,"quark jet: = 2, L: 100 fb^-1, aa, w/o decay product, phi shifting: +10, flipping only",50,2026-03-22 03:16:15.096876
4320,2946,1080,744,10000,10000,CWoLa,event-CNN,quark_jet_2_cut_eventCNN_L_100_aa_w_product_phi_aug_5_02,0.6571786999702454,0.6107456140350878,0.6186952409398645,0.6802510023117065,0.59995,0.63434464,"quark jet: = 2, L: 100 fb^-1, aa, w/ decay product, phi shifting: +5, flipping only",47,2026-03-22 03:16:29.868135
4320,2946,1080,744,10000,10000,CWoLa,event-CNN,quark_jet_2_cut_eventCNN_L_100_aa_w_product_phi_aug_5_03,0.6504233479499817,0.6162280701754386,0.644222296893668,0.6611634492874146,0.6491,0.70311161,"quark jet: = 2, L: 100 fb^-1, aa, w/ decay product, phi shifting: +5, flipping only",49,2026-03-22 03:18:40.965036
7920,5401,1980,1364,10000,10000,CWoLa,event-CNN,quark_jet_2_cut_eventCNN_L_100_aa_wo_product_case_5_phi_aug_10_flip_only_02,0.6316050291061401,0.6357655502392344,0.6776741017210225,0.6868445873260498,0.6418,0.6864691099999999,"quark jet: = 2, L: 100 fb^-1, aa, w/o decay product, phi shifting: +10, flipping only",88,2026-03-22 03:20:01.828323
4320,2946,1080,744,10000,10000,CWoLa,event-CNN,quark_jet_2_cut_eventCNN_L_100_aa_w_product_phi_aug_5_04,0.6614347100257874,0.6129385964912281,0.6082001692552768,0.6590144634246826,0.633,0.6794565000000001,"quark jet: = 2, L: 100 fb^-1, aa, w/ decay product, phi shifting: +5, flipping only",57,2026-03-22 03:21:16.165140
7920,5401,1980,1364,10000,10000,CWoLa,event-CNN,quark_jet_2_cut_eventCNN_L_100_aa_wo_product_case_5_phi_aug_10_flip_only_03,0.6507872939109802,0.6297846889952153,0.6525445066500786,0.6320623159408569,0.67825,0.7385471149999999,"quark jet: = 2, L: 100 fb^-1, aa, w/o decay product, phi shifting: +10, flipping only",43,2026-03-22 03:22:25.865294
4320,2946,1080,744,10000,10000,CWoLa,event-CNN,quark_jet_2_cut_eventCNN_L_100_aa_w_product_phi_aug_5_05,0.6768105030059814,0.5997807017543859,0.5559015332536839,0.6718007326126099,0.611,0.651852305,"quark jet: = 2, L: 100 fb^-1, aa, w/ decay product, phi shifting: +5, flipping only",48,2026-03-22 03:23:39.283249
7920,5401,1980,1364,10000,10000,CWoLa,event-CNN,quark_jet_2_cut_eventCNN_L_100_aa_wo_product_case_5_phi_aug_10_flip_only_04,0.6497381329536438,0.6309808612440191,0.6398834384904766,0.6381688714027405,0.6649,0.722891215,"quark jet: = 2, L: 100 fb^-1, aa, w/o decay product, phi shifting: +10, flipping only",50,2026-03-22 03:25:18.082822
4320,2946,1080,744,10000,10000,CWoLa,event-CNN,quark_jet_2_cut_eventCNN_L_100_aa_w_product_phi_aug_5_06,0.6361672878265381,0.6463815789473685,0.6672951513341299,0.6657282710075378,0.64745,0.69654146,"quark jet: = 2, L: 100 fb^-1, aa, w/ decay product, phi shifting: +5, flipping only",68,2026-03-22 03:26:05.471331
7920,5401,1980,1364,10000,10000,CWoLa,event-CNN,quark_jet_2_cut_eventCNN_L_100_aa_wo_product_case_5_phi_aug_10_flip_only_05,0.6713332533836365,0.6100478468899522,0.5570140555111229,0.6792067885398865,0.642,0.69724609,"quark jet: = 2, L: 100 fb^-1, aa, w/o decay product, phi shifting: +10, flipping only",37,2026-03-22 03:27:48.835640
4320,2946,1080,744,10000,10000,CWoLa,event-CNN,quark_jet_2_cut_eventCNN_L_100_aa_w_product_phi_aug_5_07,0.6630708575248718,0.6162280701754386,0.6075530167264038,0.6625784635543823,0.627,0.6712194,"quark jet: = 2, L: 100 fb^-1, aa, w/ decay product, phi shifting: +5, flipping only",47,2026-03-22 03:28:05.207227
4320,2946,1080,744,10000,10000,CWoLa,event-CNN,quark_jet_2_cut_eventCNN_L_100_aa_w_product_phi_aug_5_08,0.6464537382125854,0.6419956140350878,0.6393207387495021,0.6662542223930359,0.62995,0.6746754500000001,"quark jet: = 2, L: 100 fb^-1, aa, w/ decay product, phi shifting: +5, flipping only",54,2026-03-22 03:30:21.195140
7920,5401,1980,1364,10000,10000,CWoLa,event-CNN,quark_jet_2_cut_eventCNN_L_100_aa_wo_product_case_5_phi_aug_10_flip_only_06,0.6379934549331665,0.6423444976076556,0.6627084629284042,0.641737699508667,0.6686,0.7217499150000001,"quark jet: = 2, L: 100 fb^-1, aa, w/o decay product, phi shifting: +10, flipping only",47,2026-03-22 03:30:29.108003
4320,2946,1080,744,10000,10000,CWoLa,event-CNN,quark_jet_2_cut_eventCNN_L_100_aa_w_product_phi_aug_5_09,0.6635140776634216,0.6080043859649122,0.6008531212664276,0.669058620929718,0.63615,0.68210233,"quark jet: = 2, L: 100 fb^-1, aa, w/ decay product, phi shifting: +5, flipping only",47,2026-03-22 03:32:26.719559
7920,5401,1980,1364,10000,10000,CWoLa,event-CNN,quark_jet_2_cut_eventCNN_L_100_aa_wo_product_case_5_phi_aug_10_flip_only_07,0.6537326574325562,0.6279904306220095,0.6246660149885956,0.6556963920593262,0.6613,0.71685783,"quark jet: = 2, L: 100 fb^-1, aa, w/o decay product, phi shifting: +10, flipping only",59,2026-03-22 03:33:03.657823
4320,2946,1080,744,10000,10000,CWoLa,event-CNN,quark_jet_2_cut_eventCNN_L_100_aa_w_product_phi_aug_5_10,0.6824377179145813,0.5915570175438597,0.5654806352050976,0.654650866985321,0.6397,0.6874061800000001,"quark jet: = 2, L: 100 fb^-1, aa, w/ decay product, phi shifting: +5, flipping only",51,2026-03-22 03:35:12.125409
7920,5401,1980,1364,10000,10000,CWoLa,event-CNN,quark_jet_2_cut_eventCNN_L_100_aa_wo_product_case_5_phi_aug_10_flip_only_08,0.6522336006164551,0.631578947368421,0.6255953967830801,0.6473240256309509,0.6599,0.7136627950000001,"quark jet: = 2, L: 100 fb^-1, aa, w/o decay product, phi shifting: +10, flipping only",49,2026-03-22 03:35:33.652959
7920,5401,1980,1364,10000,10000,CWoLa,event-CNN,quark_jet_2_cut_eventCNN_L_100_aa_wo_product_case_5_phi_aug_10_flip_only_09,0.6527788043022156,0.6300837320574163,0.630355794010486,0.6518031358718872,0.66075,0.7116735649999999,"quark jet: = 2, L: 100 fb^-1, aa, w/o decay product, phi shifting: +10, flipping only",58,2026-03-22 03:39:29.925493
7920,5401,1980,1364,10000,10000,CWoLa,event-CNN,quark_jet_2_cut_eventCNN_L_100_aa_w_product_phi_aug_10_01,0.6564229726791382,0.6282894736842105,0.6315956485677894,0.6443657875061035,0.6626,0.717686115,"quark jet: = 2, L: 100 fb^-1, aa, w/ decay product, phi shifting: +10, flipping only",57,2026-03-22 03:42:05.517181
7920,5401,1980,1364,10000,10000,CWoLa,event-CNN,quark_jet_2_cut_eventCNN_L_100_aa_wo_product_case_5_phi_aug_10_flip_only_10,0.6696292757987976,0.6052631578947368,0.5892143576527741,0.664058268070221,0.65475,0.7095318349999999,"quark jet: = 2, L: 100 fb^-1, aa, w/o decay product, phi shifting: +10, flipping only",76,2026-03-22 03:43:34.230521
12972,8850,3252,2220,10000,10000,CWoLa,event-CNN,quark_jet_2_cut_eventCNN_L_300_aa_wo_product_case_5_phi_aug_5_flip_only_01,0.6418148279190063,0.6293859649122807,0.6600545194641136,0.6470458507537842,0.65425,0.709858055,"quark jet: = 2, L: 300 fb^-1, aa, w/o decay product, phi shifting: +5, flipping only",64,2026-03-22 03:46:25.829547
7920,5401,1980,1364,10000,10000,CWoLa,event-CNN,quark_jet_2_cut_eventCNN_L_100_aa_w_product_phi_aug_10_02,0.6488209962844849,0.6288875598086124,0.6466551512189342,0.6631235480308533,0.6334,0.682304735,"quark jet: = 2, L: 100 fb^-1, aa, w/ decay product, phi shifting: +10, flipping only",82,2026-03-22 03:47:19.219880
12972,8850,3252,2220,10000,10000,CWoLa,event-CNN,quark_jet_2_cut_eventCNN_L_300_aa_wo_product_case_5_phi_aug_5_flip_only_02,0.6435007452964783,0.6233552631578947,0.6513437330319249,0.6573425531387329,0.66035,0.71483917,"quark jet: = 2, L: 300 fb^-1, aa, w/o decay product, phi shifting: +5, flipping only",58,2026-03-22 03:49:00.519190
7920,5401,1980,1364,10000,10000,CWoLa,event-CNN,quark_jet_2_cut_eventCNN_L_100_aa_w_product_phi_aug_10_03,0.6501168608665466,0.6088516746411483,0.638450857549098,0.6513910889625549,0.6622,0.71743367,"quark jet: = 2, L: 100 fb^-1, aa, w/ decay product, phi shifting: +10, flipping only",57,2026-03-22 03:51:33.356745
12972,8850,3252,2220,10000,10000,CWoLa,event-CNN,quark_jet_2_cut_eventCNN_L_300_aa_wo_product_case_5_phi_aug_5_flip_only_03,0.6567317843437195,0.6206140350877193,0.6302677908535841,0.6281351447105408,0.67165,0.730644645,"quark jet: = 2, L: 300 fb^-1, aa, w/o decay product, phi shifting: +5, flipping only",52,2026-03-22 03:51:57.191185
7920,5401,1980,1364,10000,10000,CWoLa,event-CNN,quark_jet_2_cut_eventCNN_L_100_aa_w_product_phi_aug_10_04,0.662427544593811,0.6151315789473685,0.6087095293107023,0.6658982634544373,0.62715,0.6751679500000001,"quark jet: = 2, L: 100 fb^-1, aa, w/ decay product, phi shifting: +10, flipping only",47,2026-03-22 03:54:41.394904
12972,8850,3252,2220,10000,10000,CWoLa,event-CNN,quark_jet_2_cut_eventCNN_L_300_aa_wo_product_case_5_phi_aug_5_flip_only_04,0.6337291598320007,0.6452850877192983,0.6678725773744224,0.6604634523391724,0.6626,0.71816484,"quark jet: = 2, L: 300 fb^-1, aa, w/o decay product, phi shifting: +5, flipping only",52,2026-03-22 03:54:53.151109
12972,8850,3252,2220,10000,10000,CWoLa,event-CNN,quark_jet_2_cut_eventCNN_L_300_aa_wo_product_case_5_phi_aug_5_flip_only_05,0.6393114328384399,0.6410818713450293,0.6601669935618275,0.6454794406890869,0.6655,0.72239622,"quark jet: = 2, L: 300 fb^-1, aa, w/o decay product, phi shifting: +5, flipping only",49,2026-03-22 03:57:51.910375
7920,5401,1980,1364,10000,10000,CWoLa,event-CNN,quark_jet_2_cut_eventCNN_L_100_aa_w_product_phi_aug_10_05,0.6782560348510742,0.5918062200956937,0.5722927589679789,0.6789360642433167,0.59,0.616250825,"quark jet: = 2, L: 100 fb^-1, aa, w/ decay product, phi shifting: +10, flipping only",39,2026-03-22 03:59:09.019031
12972,8850,3252,2220,10000,10000,CWoLa,event-CNN,quark_jet_2_cut_eventCNN_L_300_aa_wo_product_case_5_phi_aug_5_flip_only_06,0.651378870010376,0.633406432748538,0.6333772425562093,0.6532453894615173,0.67355,0.7255895750000001,"quark jet: = 2, L: 300 fb^-1, aa, w/o decay product, phi shifting: +5, flipping only",35,2026-03-22 04:00:20.407900
7920,5401,1980,1364,10000,10000,CWoLa,event-CNN,quark_jet_2_cut_eventCNN_L_100_aa_w_product_phi_aug_10_06,0.6366093158721924,0.6417464114832536,0.6673361177760004,0.6625936627388,0.64595,0.69994759,"quark jet: = 2, L: 100 fb^-1, aa, w/ decay product, phi shifting: +10, flipping only",61,2026-03-22 04:02:30.277665
12972,8850,3252,2220,10000,10000,CWoLa,event-CNN,quark_jet_2_cut_eventCNN_L_300_aa_wo_product_case_5_phi_aug_5_flip_only_07,0.6377597451210022,0.6452850877192983,0.6735042468667931,0.6413406133651733,0.66185,0.714290125,"quark jet: = 2, L: 300 fb^-1, aa, w/o decay product, phi shifting: +5, flipping only",66,2026-03-22 04:03:44.933721
7920,5401,1980,1364,10000,10000,CWoLa,event-CNN,quark_jet_2_cut_eventCNN_L_100_aa_w_product_phi_aug_10_07,0.6587963700294495,0.6220095693779905,0.6076205604431411,0.6856177449226379,0.6313,0.6790077400000001,"quark jet: = 2, L: 100 fb^-1, aa, w/ decay product, phi shifting: +10, flipping only",41,2026-03-22 04:05:22.553283
12972,8850,3252,2220,10000,10000,CWoLa,event-CNN,quark_jet_2_cut_eventCNN_L_300_aa_wo_product_case_5_phi_aug_5_flip_only_08,0.6504524350166321,0.612390350877193,0.6348751426703456,0.641402006149292,0.66585,0.72247783,"quark jet: = 2, L: 300 fb^-1, aa, w/o decay product, phi shifting: +5, flipping only",47,2026-03-22 04:06:39.082139
7920,5401,1980,1364,10000,10000,CWoLa,event-CNN,quark_jet_2_cut_eventCNN_L_100_aa_w_product_phi_aug_10_08,0.6414322853088379,0.6402511961722488,0.6578453153233212,0.6554867029190063,0.6397,0.687577155,"quark jet: = 2, L: 100 fb^-1, aa, w/ decay product, phi shifting: +10, flipping only",64,2026-03-22 04:08:41.854414
12972,8850,3252,2220,10000,10000,CWoLa,event-CNN,quark_jet_2_cut_eventCNN_L_300_aa_wo_product_case_5_phi_aug_5_flip_only_09,0.6594186425209045,0.6122076023391813,0.631937864986758,0.6610574722290039,0.65575,0.71055155,"quark jet: = 2, L: 300 fb^-1, aa, w/o decay product, phi shifting: +5, flipping only",53,2026-03-22 04:09:30.144523
7920,5401,1980,1364,10000,10000,CWoLa,event-CNN,quark_jet_2_cut_eventCNN_L_100_aa_w_product_phi_aug_10_09,0.6626061201095581,0.6031698564593302,0.6094013818537279,0.6751502156257629,0.6216,0.66220161,"quark jet: = 2, L: 100 fb^-1, aa, w/ decay product, phi shifting: +10, flipping only",42,2026-03-22 04:11:39.101020
12972,8850,3252,2220,10000,10000,CWoLa,event-CNN,quark_jet_2_cut_eventCNN_L_300_aa_wo_product_case_5_phi_aug_5_flip_only_10,0.6505870819091797,0.6215277777777778,0.6401689050674291,0.6307142376899719,0.6737,0.7325607049999999,"quark jet: = 2, L: 300 fb^-1, aa, w/o decay product, phi shifting: +5, flipping only",43,2026-03-22 04:12:18.639186
7920,5401,1980,1364,10000,10000,CWoLa,event-CNN,quark_jet_2_cut_eventCNN_L_100_aa_w_product_phi_aug_10_10,0.6835677623748779,0.5918062200956937,0.556751718060369,0.6547521948814392,0.62835,0.6772655649999999,"quark jet: = 2, L: 100 fb^-1, aa, w/ decay product, phi shifting: +10, flipping only",53,2026-03-22 04:14:38.816282
23782,16225,5962,4070,10000,10000,CWoLa,event-CNN,quark_jet_2_cut_eventCNN_L_300_aa_wo_product_case_5_phi_aug_10_flip_only_01,0.6427316665649414,0.6282894736842105,0.6513324972986161,0.6598551869392395,0.67005,0.729306955,"quark jet: = 2, L: 300 fb^-1, aa, w/o decay product, phi shifting: +10, flipping only",43,2026-03-22 04:17:25.513218
12972,8850,3252,2220,10000,10000,CWoLa,event-CNN,quark_jet_2_cut_eventCNN_L_300_aa_w_product_phi_aug_5_01,0.6446329951286316,0.631578947368421,0.6480650161231342,0.6547256112098694,0.6673,0.7254397149999999,"quark jet: = 2, L: 300 fb^-1, aa, w/ decay product, phi shifting: +5, flipping only",53,2026-03-22 04:17:34.132209
12972,8850,3252,2220,10000,10000,CWoLa,event-CNN,quark_jet_2_cut_eventCNN_L_300_aa_w_product_phi_aug_5_02,0.6491044163703918,0.6237207602339181,0.6455638525979854,0.6454712748527527,0.66705,0.722153925,"quark jet: = 2, L: 300 fb^-1, aa, w/ decay product, phi shifting: +5, flipping only",48,2026-03-22 04:20:16.176137
23782,16225,5962,4070,10000,10000,CWoLa,event-CNN,quark_jet_2_cut_eventCNN_L_300_aa_wo_product_case_5_phi_aug_10_flip_only_02,0.6461420059204102,0.6237041467304625,0.656975608007141,0.6277385950088501,0.66465,0.72360907,"quark jet: = 2, L: 300 fb^-1, aa, w/o decay product, phi shifting: +10, flipping only",44,2026-03-22 04:21:52.537622
12972,8850,3252,2220,10000,10000,CWoLa,event-CNN,quark_jet_2_cut_eventCNN_L_300_aa_w_product_phi_aug_5_03,0.6540263891220093,0.618421052631579,0.6225695483306184,0.6523784399032593,0.65875,0.7146032600000001,"quark jet: = 2, L: 300 fb^-1, aa, w/ decay product, phi shifting: +5, flipping only",39,2026-03-22 04:22:44.076133
12972,8850,3252,2220,10000,10000,CWoLa,event-CNN,quark_jet_2_cut_eventCNN_L_300_aa_w_product_phi_aug_5_04,0.6464912295341492,0.6281067251461988,0.657401197322784,0.6518866419792175,0.6545,0.7064791399999999,"quark jet: = 2, L: 300 fb^-1, aa, w/ decay product, phi shifting: +5, flipping only",63,2026-03-22 04:25:57.078583
23782,16225,5962,4070,10000,10000,CWoLa,event-CNN,quark_jet_2_cut_eventCNN_L_300_aa_wo_product_case_5_phi_aug_10_flip_only_03,0.6537345051765442,0.6180223285486444,0.6272318047058068,0.6369697451591492,0.679,0.736248545,"quark jet: = 2, L: 300 fb^-1, aa, w/o decay product, phi shifting: +10, flipping only",39,2026-03-22 04:25:59.079105
12972,8850,3252,2220,10000,10000,CWoLa,event-CNN,quark_jet_2_cut_eventCNN_L_300_aa_w_product_phi_aug_5_05,0.6427413821220398,0.6427266081871345,0.6494940050751858,0.654059886932373,0.67115,0.723096115,"quark jet: = 2, L: 300 fb^-1, aa, w/ decay product, phi shifting: +5, flipping only",49,2026-03-22 04:28:48.582211
23782,16225,5962,4070,10000,10000,CWoLa,event-CNN,quark_jet_2_cut_eventCNN_L_300_aa_wo_product_case_5_phi_aug_10_flip_only_04,0.6367802619934082,0.6404505582137161,0.6697304261963772,0.6330941319465637,0.6678,0.72144502,"quark jet: = 2, L: 300 fb^-1, aa, w/o decay product, phi shifting: +10, flipping only",45,2026-03-22 04:30:20.926045
12972,8850,3252,2220,10000,10000,CWoLa,event-CNN,quark_jet_2_cut_eventCNN_L_300_aa_w_product_phi_aug_5_06,0.6610361337661743,0.6175073099415205,0.6161055428121849,0.649074912071228,0.6486,0.697061775,"quark jet: = 2, L: 300 fb^-1, aa, w/ decay product, phi shifting: +5, flipping only",42,2026-03-22 04:31:23.329685
23782,16225,5962,4070,10000,10000,CWoLa,event-CNN,quark_jet_2_cut_eventCNN_L_300_aa_wo_product_case_5_phi_aug_10_flip_only_05,0.6335458755493164,0.65311004784689,0.6782770404206164,0.6755074858665466,0.6657,0.7200987950000001,"quark jet: = 2, L: 300 fb^-1, aa, w/o decay product, phi shifting: +10, flipping only",50,2026-03-22 04:34:26.326094
12972,8850,3252,2220,10000,10000,CWoLa,event-CNN,quark_jet_2_cut_eventCNN_L_300_aa_w_product_phi_aug_5_07,0.6369163393974304,0.6330409356725146,0.6594631993617233,0.651985764503479,0.67175,0.7281489950000001,"quark jet: = 2, L: 300 fb^-1, aa, w/ decay product, phi shifting: +5, flipping only",52,2026-03-22 04:34:30.025123
12972,8850,3252,2220,10000,10000,CWoLa,event-CNN,quark_jet_2_cut_eventCNN_L_300_aa_w_product_phi_aug_5_08,0.6565108299255371,0.6125730994152047,0.6179938471682014,0.6558517813682556,0.65605,0.70667125,"quark jet: = 2, L: 300 fb^-1, aa, w/ decay product, phi shifting: +5, flipping only",42,2026-03-22 04:37:06.147666
23782,16225,5962,4070,10000,10000,CWoLa,event-CNN,quark_jet_2_cut_eventCNN_L_300_aa_wo_product_case_5_phi_aug_10_flip_only_06,0.6501758694648743,0.6286881977671451,0.6339261061250326,0.6430573463439941,0.6675,0.724389665,"quark jet: = 2, L: 300 fb^-1, aa, w/o decay product, phi shifting: +10, flipping only",41,2026-03-22 04:38:44.155247
12972,8850,3252,2220,10000,10000,CWoLa,event-CNN,quark_jet_2_cut_eventCNN_L_300_aa_w_product_phi_aug_5_09,0.6588044166564941,0.6125730994152047,0.6178624657868199,0.6534529328346252,0.6655,0.720270085,"quark jet: = 2, L: 300 fb^-1, aa, w/ decay product, phi shifting: +5, flipping only",48,2026-03-22 04:39:52.980755
12972,8850,3252,2220,10000,10000,CWoLa,event-CNN,quark_jet_2_cut_eventCNN_L_300_aa_w_product_phi_aug_5_10,0.650139331817627,0.6178728070175439,0.6384453641833716,0.6409076452255249,0.67685,0.73577745,"quark jet: = 2, L: 300 fb^-1, aa, w/ decay product, phi shifting: +5, flipping only",53,2026-03-22 04:42:46.465739
23782,16225,5962,4070,10000,10000,CWoLa,event-CNN,quark_jet_2_cut_eventCNN_L_300_aa_wo_product_case_5_phi_aug_10_flip_only_07,0.6380090713500977,0.6432416267942583,0.6697128702915351,0.6399253606796265,0.6642,0.7190190000000001,"quark jet: = 2, L: 300 fb^-1, aa, w/o decay product, phi shifting: +10, flipping only",47,2026-03-22 04:43:09.715747
23782,16225,5962,4070,10000,10000,CWoLa,event-CNN,quark_jet_2_cut_eventCNN_L_300_aa_w_product_phi_aug_10_01,0.6461804509162903,0.6234051036682615,0.64589259824919,0.6437528729438782,0.6654,0.71841781,"quark jet: = 2, L: 300 fb^-1, aa, w/ decay product, phi shifting: +10, flipping only",40,2026-03-22 04:46:46.026656
23782,16225,5962,4070,10000,10000,CWoLa,event-CNN,quark_jet_2_cut_eventCNN_L_300_aa_wo_product_case_5_phi_aug_10_flip_only_08,0.6453747153282166,0.6140350877192983,0.6405141860777553,0.6325342655181885,0.67545,0.7322848000000001,"quark jet: = 2, L: 300 fb^-1, aa, w/o decay product, phi shifting: +10, flipping only",39,2026-03-22 04:47:18.313963
23782,16225,5962,4070,10000,10000,CWoLa,event-CNN,quark_jet_2_cut_eventCNN_L_300_aa_wo_product_case_5_phi_aug_10_flip_only_09,0.6658657193183899,0.6004784688995215,0.5998504245149667,0.6495130062103271,0.66125,0.7190141,"quark jet: = 2, L: 300 fb^-1, aa, w/o decay product, phi shifting: +10, flipping only",35,2026-03-22 04:51:12.065912
23782,16225,5962,4070,10000,10000,CWoLa,event-CNN,quark_jet_2_cut_eventCNN_L_300_aa_w_product_phi_aug_10_02,0.6441953778266907,0.6222089314194578,0.6525002122368777,0.6528173685073853,0.65325,0.707681615,"quark jet: = 2, L: 300 fb^-1, aa, w/ decay product, phi shifting: +10, flipping only",50,2026-03-22 04:51:15.460571
23782,16225,5962,4070,10000,10000,CWoLa,event-CNN,quark_jet_2_cut_eventCNN_L_300_aa_w_product_phi_aug_10_03,0.6511655449867249,0.6212121212121212,0.6283823964551909,0.6577013731002808,0.66795,0.7250072250000001,"quark jet: = 2, L: 300 fb^-1, aa, w/ decay product, phi shifting: +10, flipping only",38,2026-03-22 04:55:11.550126
23782,16225,5962,4070,10000,10000,CWoLa,event-CNN,quark_jet_2_cut_eventCNN_L_300_aa_wo_product_case_5_phi_aug_10_flip_only_10,0.6456387639045715,0.6224082934609251,0.6464199759822034,0.6489848494529724,0.6773,0.7377022750000001,"quark jet: = 2, L: 300 fb^-1, aa, w/o decay product, phi shifting: +10, flipping only",45,2026-03-22 04:55:36.506755
23782,16225,5962,4070,10000,10000,CWoLa,event-CNN,quark_jet_2_cut_eventCNN_L_300_aa_w_product_phi_aug_10_04,0.6438133120536804,0.6250996810207337,0.653395851861132,0.6319587230682373,0.67255,0.726834545,"quark jet: = 2, L: 300 fb^-1, aa, w/ decay product, phi shifting: +10, flipping only",40,2026-03-22 04:59:17.596935
38952,26574,9744,6648,10000,10000,CWoLa,event-CNN,quark_jet_2_cut_eventCNN_L_900_aa_wo_product_case_5_phi_aug_5_flip_only_01,0.6283082962036133,0.6508662762323084,0.68381355418324,0.6434889435768127,0.6657,0.71959259,"quark jet: = 2, L: 900 fb^-1, aa, w/o decay product, phi shifting: +5, flipping only",58,2026-03-22 05:01:07.784695
23782,16225,5962,4070,10000,10000,CWoLa,event-CNN,quark_jet_2_cut_eventCNN_L_300_aa_w_product_phi_aug_10_05,0.644237220287323,0.6334728867623605,0.6509642148018531,0.6472447514533997,0.6682,0.7171579899999999,"quark jet: = 2, L: 300 fb^-1, aa, w/ decay product, phi shifting: +10, flipping only",48,2026-03-22 05:03:44.036921
38952,26574,9744,6648,10000,10000,CWoLa,event-CNN,quark_jet_2_cut_eventCNN_L_900_aa_wo_product_case_5_phi_aug_5_flip_only_02,0.6360652446746826,0.6449487554904831,0.6737435401019406,0.6519399881362915,0.6642,0.7183166799999999,"quark jet: = 2, L: 900 fb^-1, aa, w/o decay product, phi shifting: +5, flipping only",53,2026-03-22 05:06:26.076876
23782,16225,5962,4070,10000,10000,CWoLa,event-CNN,quark_jet_2_cut_eventCNN_L_300_aa_w_product_phi_aug_10_06,0.654554009437561,0.6199162679425837,0.6236683887388349,0.6509497761726379,0.6611,0.715065815,"quark jet: = 2, L: 300 fb^-1, aa, w/ decay product, phi shifting: +10, flipping only",38,2026-03-22 05:07:45.537413
38952,26574,9744,6648,10000,10000,CWoLa,event-CNN,quark_jet_2_cut_eventCNN_L_900_aa_wo_product_case_5_phi_aug_5_flip_only_03,0.6300681829452515,0.6429965836993655,0.6742229612990264,0.6359491348266602,0.67515,0.7317766299999999,"quark jet: = 2, L: 900 fb^-1, aa, w/o decay product, phi shifting: +5, flipping only",45,2026-03-22 05:11:07.522937
23782,16225,5962,4070,10000,10000,CWoLa,event-CNN,quark_jet_2_cut_eventCNN_L_300_aa_w_product_phi_aug_10_07,0.6429142951965332,0.625,0.6536098814193414,0.6468954682350159,0.6673,0.7241617499999999,"quark jet: = 2, L: 300 fb^-1, aa, w/ decay product, phi shifting: +10, flipping only",49,2026-03-22 05:12:37.102956
38952,26574,9744,6648,10000,10000,CWoLa,event-CNN,quark_jet_2_cut_eventCNN_L_900_aa_wo_product_case_5_phi_aug_5_flip_only_04,0.6319735646247864,0.6296974133723767,0.6647461568500175,0.6417027115821838,0.67235,0.729233175,"quark jet: = 2, L: 900 fb^-1, aa, w/o decay product, phi shifting: +5, flipping only",46,2026-03-22 05:15:41.988764
23782,16225,5962,4070,10000,10000,CWoLa,event-CNN,quark_jet_2_cut_eventCNN_L_300_aa_w_product_phi_aug_10_08,0.6495978236198425,0.6174242424242424,0.6389408926477025,0.6476781368255615,0.65985,0.7169338900000001,"quark jet: = 2, L: 300 fb^-1, aa, w/ decay product, phi shifting: +10, flipping only",47,2026-03-22 05:18:03.206502
38952,26574,9744,6648,10000,10000,CWoLa,event-CNN,quark_jet_2_cut_eventCNN_L_900_aa_wo_product_case_5_phi_aug_5_flip_only_05,0.633137583732605,0.6374450951683748,0.6733151006315219,0.634766697883606,0.67405,0.72935269,"quark jet: = 2, L: 900 fb^-1, aa, w/o decay product, phi shifting: +5, flipping only",46,2026-03-22 05:19:56.457872
23782,16225,5962,4070,10000,10000,CWoLa,event-CNN,quark_jet_2_cut_eventCNN_L_300_aa_w_product_phi_aug_10_09,0.6587194204330444,0.6166267942583732,0.619303706438896,0.6448973417282104,0.6691,0.722865935,"quark jet: = 2, L: 300 fb^-1, aa, w/ decay product, phi shifting: +10, flipping only",43,2026-03-22 05:23:35.559694
38952,26574,9744,6648,10000,10000,CWoLa,event-CNN,quark_jet_2_cut_eventCNN_L_900_aa_wo_product_case_5_phi_aug_5_flip_only_06,0.6250481009483337,0.6454978038067349,0.6815045489439395,0.645263671875,0.6671,0.7210805149999999,"quark jet: = 2, L: 900 fb^-1, aa, w/o decay product, phi shifting: +5, flipping only",57,2026-03-22 05:24:55.305202
38952,26574,9744,6648,10000,10000,CWoLa,event-CNN,quark_jet_2_cut_eventCNN_L_900_aa_wo_product_case_5_phi_aug_5_flip_only_07,0.6237826347351074,0.6511102977061981,0.6855459834951658,0.6420891880989075,0.6703,0.724020295,"quark jet: = 2, L: 900 fb^-1, aa, w/o decay product, phi shifting: +5, flipping only",46,2026-03-22 05:29:07.259317
23782,16225,5962,4070,10000,10000,CWoLa,event-CNN,quark_jet_2_cut_eventCNN_L_300_aa_w_product_phi_aug_10_10,0.6516350507736206,0.6210127591706539,0.6406005850319839,0.6729435324668884,0.67455,0.7334116450000001,"quark jet: = 2, L: 300 fb^-1, aa, w/ decay product, phi shifting: +10, flipping only",44,2026-03-22 05:29:15.745591
38952,26574,9744,6648,10000,10000,CWoLa,event-CNN,quark_jet_2_cut_eventCNN_L_900_aa_wo_product_case_5_phi_aug_5_flip_only_08,0.6366645693778992,0.6392142508540751,0.6705958951072856,0.6560770273208618,0.67335,0.7302099200000001,"quark jet: = 2, L: 900 fb^-1, aa, w/o decay product, phi shifting: +5, flipping only",54,2026-03-22 05:34:05.278876
38952,26574,9744,6648,10000,10000,CWoLa,event-CNN,quark_jet_2_cut_eventCNN_L_900_aa_w_product_phi_aug_5_01,0.6405717730522156,0.6309175207418253,0.6551869788980574,0.637869119644165,0.67605,0.73374154,"quark jet: = 2, L: 900 fb^-1, aa, w/ decay product, phi shifting: +5, flipping only",46,2026-03-22 05:35:01.951957
38952,26574,9744,6648,10000,10000,CWoLa,event-CNN,quark_jet_2_cut_eventCNN_L_900_aa_wo_product_case_5_phi_aug_5_flip_only_09,0.6261316537857056,0.6466569058077111,0.6826567977158704,0.6371798515319824,0.6702,0.725206955,"quark jet: = 2, L: 900 fb^-1, aa, w/o decay product, phi shifting: +5, flipping only",47,2026-03-22 05:38:27.453610
38952,26574,9744,6648,10000,10000,CWoLa,event-CNN,quark_jet_2_cut_eventCNN_L_900_aa_w_product_phi_aug_5_02,0.641960859298706,0.6358589555880918,0.6655091769269226,0.6471773982048035,0.6625,0.7129708050000001,"quark jet: = 2, L: 900 fb^-1, aa, w/ decay product, phi shifting: +5, flipping only",57,2026-03-22 05:41:27.764232
38952,26574,9744,6648,10000,10000,CWoLa,event-CNN,quark_jet_2_cut_eventCNN_L_900_aa_wo_product_case_5_phi_aug_5_flip_only_10,0.6391149759292603,0.634028794533919,0.6617479141719967,0.6356980204582214,0.66705,0.72058019,"quark jet: = 2, L: 900 fb^-1, aa, w/o decay product, phi shifting: +5, flipping only",46,2026-03-22 05:42:50.081889
38952,26574,9744,6648,10000,10000,CWoLa,event-CNN,quark_jet_2_cut_eventCNN_L_900_aa_w_product_phi_aug_5_03,0.6367053389549255,0.6410444119082479,0.6665128878717552,0.6392654180526733,0.66585,0.7218300599999999,"quark jet: = 2, L: 900 fb^-1, aa, w/ decay product, phi shifting: +5, flipping only",51,2026-03-22 05:47:51.815549
71412,48719,17864,12188,10000,10000,CWoLa,event-CNN,quark_jet_2_cut_eventCNN_L_900_aa_wo_product_case_5_phi_aug_10_flip_only_01,0.6249300241470337,0.6542992146945295,0.687336632145793,0.641779363155365,0.67675,0.7326817700000001,"quark jet: = 2, L: 900 fb^-1, aa, w/o decay product, phi shifting: +10, flipping only",42,2026-03-22 05:49:57.676197
38952,26574,9744,6648,10000,10000,CWoLa,event-CNN,quark_jet_2_cut_eventCNN_L_900_aa_w_product_phi_aug_5_04,0.6420664191246033,0.6285383113714007,0.6593640997131871,0.6650727987289429,0.6599,0.71721485,"quark jet: = 2, L: 900 fb^-1, aa, w/ decay product, phi shifting: +5, flipping only",62,2026-03-22 05:54:07.883094
71412,48719,17864,12188,10000,10000,CWoLa,event-CNN,quark_jet_2_cut_eventCNN_L_900_aa_wo_product_case_5_phi_aug_10_flip_only_02,0.6361752152442932,0.6385598296286437,0.6729831957196635,0.6706677079200745,0.6616,0.7154877550000001,"quark jet: = 2, L: 900 fb^-1, aa, w/o decay product, phi shifting: +10, flipping only",45,2026-03-22 05:58:20.273008
38952,26574,9744,6648,10000,10000,CWoLa,event-CNN,quark_jet_2_cut_eventCNN_L_900_aa_w_product_phi_aug_5_05,0.637319028377533,0.6384821864324061,0.6692303566982626,0.6576338410377502,0.6584,0.7153632050000001,"quark jet: = 2, L: 900 fb^-1, aa, w/ decay product, phi shifting: +5, flipping only",59,2026-03-22 06:00:44.742344
71412,48719,17864,12188,10000,10000,CWoLa,event-CNN,quark_jet_2_cut_eventCNN_L_900_aa_wo_product_case_5_phi_aug_10_flip_only_03,0.6244813203811646,0.6458139225342739,0.6805565504329764,0.644343376159668,0.6771,0.7323404749999999,"quark jet: = 2, L: 900 fb^-1, aa, w/o decay product, phi shifting: +10, flipping only",40,2026-03-22 06:05:01.191585
38952,26574,9744,6648,10000,10000,CWoLa,event-CNN,quark_jet_2_cut_eventCNN_L_900_aa_w_product_phi_aug_5_06,0.6272457838058472,0.64134943875061,0.6766077328712513,0.652556836605072,0.66615,0.721927915,"quark jet: = 2, L: 900 fb^-1, aa, w/ decay product, phi shifting: +5, flipping only",59,2026-03-22 06:07:52.176685
71412,48719,17864,12188,10000,10000,CWoLa,event-CNN,quark_jet_2_cut_eventCNN_L_900_aa_wo_product_case_5_phi_aug_10_flip_only_04,0.635212779045105,0.6313722880340743,0.6663701079710891,0.6430384516716003,0.6665,0.7180879299999999,"quark jet: = 2, L: 900 fb^-1, aa, w/o decay product, phi shifting: +10, flipping only",42,2026-03-22 06:12:17.177872
38952,26574,9744,6648,10000,10000,CWoLa,event-CNN,quark_jet_2_cut_eventCNN_L_900_aa_w_product_phi_aug_5_07,0.6321112513542175,0.6388482186432406,0.6730898007648014,0.6448916792869568,0.66605,0.72010194,"quark jet: = 2, L: 900 fb^-1, aa, w/ decay product, phi shifting: +5, flipping only",59,2026-03-22 06:14:32.673128
71412,48719,17864,12188,10000,10000,CWoLa,event-CNN,quark_jet_2_cut_eventCNN_L_900_aa_wo_product_case_5_phi_aug_10_flip_only_05,0.630728006362915,0.6431518700918408,0.6804185561631764,0.6620258688926697,0.67305,0.72391167,"quark jet: = 2, L: 900 fb^-1, aa, w/o decay product, phi shifting: +10, flipping only",45,2026-03-22 06:19:23.117559
38952,26574,9744,6648,10000,10000,CWoLa,event-CNN,quark_jet_2_cut_eventCNN_L_900_aa_w_product_phi_aug_5_08,0.6539632081985474,0.6235968765251342,0.6436112092924228,0.6175597310066223,0.6768,0.7373384649999999,"quark jet: = 2, L: 900 fb^-1, aa, w/ decay product, phi shifting: +5, flipping only",48,2026-03-22 06:19:47.150846
38952,26574,9744,6648,10000,10000,CWoLa,event-CNN,quark_jet_2_cut_eventCNN_L_900_aa_w_product_phi_aug_5_09,0.6356416940689087,0.638909224011713,0.6723817143667293,0.6617141366004944,0.65855,0.7120516199999999,"quark jet: = 2, L: 900 fb^-1, aa, w/ decay product, phi shifting: +5, flipping only",61,2026-03-22 06:26:35.701647
71412,48719,17864,12188,10000,10000,CWoLa,event-CNN,quark_jet_2_cut_eventCNN_L_900_aa_wo_product_case_5_phi_aug_10_flip_only_06,0.6222714185714722,0.6550312791161986,0.6880279400344006,0.6471521258354187,0.67225,0.7261064549999999,"quark jet: = 2, L: 900 fb^-1, aa, w/o decay product, phi shifting: +10, flipping only",45,2026-03-22 06:27:02.753114
38952,26574,9744,6648,10000,10000,CWoLa,event-CNN,quark_jet_2_cut_eventCNN_L_900_aa_w_product_phi_aug_5_10,0.6406589150428772,0.6290873596876525,0.6545344591086569,0.6450880169868469,0.6798,0.7379738050000001,"quark jet: = 2, L: 900 fb^-1, aa, w/ decay product, phi shifting: +5, flipping only",50,2026-03-22 06:32:05.275106
71412,48719,17864,12188,10000,10000,CWoLa,event-CNN,quark_jet_2_cut_eventCNN_L_900_aa_wo_product_case_5_phi_aug_10_flip_only_07,0.6225630044937134,0.6538333555171036,0.6938403441066816,0.6475181579589844,0.67635,0.7362065149999999,"quark jet: = 2, L: 900 fb^-1, aa, w/o decay product, phi shifting: +10, flipping only",48,2026-03-22 06:36:04.336211
71412,48719,17864,12188,10000,10000,CWoLa,event-CNN,quark_jet_2_cut_eventCNN_L_900_aa_w_product_phi_aug_10_01,0.6381958723068237,0.6417875682150939,0.6741207310098206,0.6426718235015869,0.66665,0.717499055,"quark jet: = 2, L: 900 fb^-1, aa, w/ decay product, phi shifting: +10, flipping only",49,2026-03-22 06:41:37.874460
71412,48719,17864,12188,10000,10000,CWoLa,event-CNN,quark_jet_2_cut_eventCNN_L_900_aa_wo_product_case_5_phi_aug_10_flip_only_08,0.6316120624542236,0.6383269000399308,0.6705071045301473,0.6433051228523254,0.678,0.73618685,"quark jet: = 2, L: 900 fb^-1, aa, w/o decay product, phi shifting: +10, flipping only",43,2026-03-22 06:43:28.816447
71412,48719,17864,12188,10000,10000,CWoLa,event-CNN,quark_jet_2_cut_eventCNN_L_900_aa_w_product_phi_aug_10_02,0.6404359936714172,0.6353986423532544,0.670318650149009,0.663712739944458,0.66785,0.7206388049999999,"quark jet: = 2, L: 900 fb^-1, aa, w/ decay product, phi shifting: +10, flipping only",48,2026-03-22 06:51:01.312739
71412,48719,17864,12188,10000,10000,CWoLa,event-CNN,quark_jet_2_cut_eventCNN_L_900_aa_wo_product_case_5_phi_aug_10_flip_only_09,0.6281452178955078,0.6431851457473712,0.6822555999999118,0.6748409271240234,0.66505,0.71592262,"quark jet: = 2, L: 900 fb^-1, aa, w/o decay product, phi shifting: +10, flipping only",44,2026-03-22 06:51:28.541178
71412,48719,17864,12188,10000,10000,CWoLa,event-CNN,quark_jet_2_cut_eventCNN_L_900_aa_wo_product_case_5_phi_aug_10_flip_only_10,0.6445127129554749,0.6338014108877945,0.6638142997722941,0.657768726348877,0.6625,0.715608105,"quark jet: = 2, L: 900 fb^-1, aa, w/o decay product, phi shifting: +10, flipping only",45,2026-03-22 06:59:00.743394
71412,48719,17864,12188,10000,10000,CWoLa,event-CNN,quark_jet_2_cut_eventCNN_L_900_aa_w_product_phi_aug_10_03,0.6348683834075928,0.6460135764674564,0.6749545204506912,0.6404137015342712,0.66085,0.71463817,"quark jet: = 2, L: 900 fb^-1, aa, w/ decay product, phi shifting: +10, flipping only",48,2026-03-22 07:02:01.706137
77910,53160,19488,13296,10000,10000,CWoLa,event-CNN,quark_jet_2_cut_eventCNN_L_1800_aa_wo_product_case_5_phi_aug_5_flip_only_01,0.6253889203071594,0.6396412884333821,0.682166894583158,0.6502833366394043,0.67795,0.737813475,"quark jet: = 2, L: 1800 fb^-1, aa, w/o decay product, phi shifting: +5, flipping only",54,2026-03-22 07:08:21.884874
71412,48719,17864,12188,10000,10000,CWoLa,event-CNN,quark_jet_2_cut_eventCNN_L_900_aa_w_product_phi_aug_10_04,0.635888397693634,0.6373951816850792,0.6730286311769441,0.6565250754356384,0.6608,0.7162998049999999,"quark jet: = 2, L: 900 fb^-1, aa, w/ decay product, phi shifting: +10, flipping only",51,2026-03-22 07:12:01.242925
77910,53160,19488,13296,10000,10000,CWoLa,event-CNN,quark_jet_2_cut_eventCNN_L_1800_aa_wo_product_case_5_phi_aug_5_flip_only_02,0.6160619854927063,0.6527269399707174,0.6972665049268494,0.6414712071418762,0.6767,0.728868575,"quark jet: = 2, L: 1800 fb^-1, aa, w/o decay product, phi shifting: +5, flipping only",54,2026-03-22 07:16:56.262251
71412,48719,17864,12188,10000,10000,CWoLa,event-CNN,quark_jet_2_cut_eventCNN_L_900_aa_w_product_phi_aug_10_05,0.6350975632667542,0.6431518700918408,0.6782136585051832,0.6308576464653015,0.66825,0.718992365,"quark jet: = 2, L: 900 fb^-1, aa, w/ decay product, phi shifting: +10, flipping only",45,2026-03-22 07:21:27.933362
77910,53160,19488,13296,10000,10000,CWoLa,event-CNN,quark_jet_2_cut_eventCNN_L_1800_aa_wo_product_case_5_phi_aug_5_flip_only_03,0.6258602142333984,0.6459858467545144,0.6840024219909342,0.6581941843032837,0.66385,0.717297975,"quark jet: = 2, L: 1800 fb^-1, aa, w/o decay product, phi shifting: +5, flipping only",50,2026-03-22 07:25:08.241961
71412,48719,17864,12188,10000,10000,CWoLa,event-CNN,quark_jet_2_cut_eventCNN_L_900_aa_w_product_phi_aug_10_06,0.6234610080718994,0.6484094236656462,0.6899620713023947,0.6340162754058838,0.66685,0.7224772450000001,"quark jet: = 2, L: 900 fb^-1, aa, w/ decay product, phi shifting: +10, flipping only",45,2026-03-22 07:30:14.715535
77910,53160,19488,13296,10000,10000,CWoLa,event-CNN,quark_jet_2_cut_eventCNN_L_1800_aa_wo_product_case_5_phi_aug_5_flip_only_04,0.6234251260757446,0.6393057589067838,0.682611371492272,0.6352728605270386,0.67885,0.7311350149999999,"quark jet: = 2, L: 1800 fb^-1, aa, w/o decay product, phi shifting: +5, flipping only",43,2026-03-22 07:33:05.619444
71412,48719,17864,12188,10000,10000,CWoLa,event-CNN,quark_jet_2_cut_eventCNN_L_900_aa_w_product_phi_aug_10_07,0.6316432356834412,0.6424863569812326,0.6759720014150602,0.6679478287696838,0.6648,0.716075605,"quark jet: = 2, L: 900 fb^-1, aa, w/ decay product, phi shifting: +10, flipping only",48,2026-03-22 07:39:38.344279
77910,53160,19488,13296,10000,10000,CWoLa,event-CNN,quark_jet_2_cut_eventCNN_L_1800_aa_wo_product_case_5_phi_aug_5_flip_only_05,0.6271452903747559,0.6421425085407516,0.6784495702807763,0.6354830861091614,0.689,0.74500329,"quark jet: = 2, L: 1800 fb^-1, aa, w/o decay product, phi shifting: +5, flipping only",43,2026-03-22 07:40:22.350431
77910,53160,19488,13296,10000,10000,CWoLa,event-CNN,quark_jet_2_cut_eventCNN_L_1800_aa_wo_product_case_5_phi_aug_5_flip_only_06,0.6272257566452026,0.6443081991215227,0.6776155057591058,0.6233807802200317,0.6889,0.74943873,"quark jet: = 2, L: 1800 fb^-1, aa, w/o decay product, phi shifting: +5, flipping only",44,2026-03-22 07:48:23.506669
71412,48719,17864,12188,10000,10000,CWoLa,event-CNN,quark_jet_2_cut_eventCNN_L_900_aa_w_product_phi_aug_10_08,0.6456565856933594,0.6315719419672567,0.6570046786969806,0.6266438364982605,0.68355,0.7405915249999999,"quark jet: = 2, L: 900 fb^-1, aa, w/ decay product, phi shifting: +10, flipping only",45,2026-03-22 07:48:33.775428
77910,53160,19488,13296,10000,10000,CWoLa,event-CNN,quark_jet_2_cut_eventCNN_L_1800_aa_wo_product_case_5_phi_aug_5_flip_only_07,0.626653254032135,0.6478770131771596,0.6864574912279011,0.6242676973342896,0.68245,0.737872125,"quark jet: = 2, L: 1800 fb^-1, aa, w/o decay product, phi shifting: +5, flipping only",49,2026-03-22 07:56:49.848725
71412,48719,17864,12188,10000,10000,CWoLa,event-CNN,quark_jet_2_cut_eventCNN_L_900_aa_w_product_phi_aug_10_09,0.6340333819389343,0.6374617329961401,0.6702540989602952,0.6619707345962524,0.66955,0.726154365,"quark jet: = 2, L: 900 fb^-1, aa, w/ decay product, phi shifting: +10, flipping only",44,2026-03-22 07:56:53.254261
71412,48719,17864,12188,10000,10000,CWoLa,event-CNN,quark_jet_2_cut_eventCNN_L_900_aa_w_product_phi_aug_10_10,0.6431392431259155,0.6327365899108213,0.6600447781186254,0.6635889410972595,0.6654,0.714688395,"quark jet: = 2, L: 900 fb^-1, aa, w/ decay product, phi shifting: +10, flipping only",48,2026-03-22 08:05:44.087419
77910,53160,19488,13296,10000,10000,CWoLa,event-CNN,quark_jet_2_cut_eventCNN_L_1800_aa_wo_product_case_5_phi_aug_5_flip_only_08,0.6221628785133362,0.6479990239141045,0.6929493966264407,0.6337442398071289,0.6715,0.72986135,"quark jet: = 2, L: 1800 fb^-1, aa, w/o decay product, phi shifting: +5, flipping only",56,2026-03-22 08:05:57.305378
77910,53160,19488,13296,10000,10000,CWoLa,event-CNN,quark_jet_2_cut_eventCNN_L_1800_aa_wo_product_case_5_phi_aug_5_flip_only_09,0.6273429989814758,0.6436676427525623,0.683067764077471,0.6313726305961609,0.6755,0.732318855,"quark jet: = 2, L: 1800 fb^-1, aa, w/o decay product, phi shifting: +5, flipping only",53,2026-03-22 08:14:49.116921
77910,53160,19488,13296,10000,10000,CWoLa,event-CNN,quark_jet_2_cut_eventCNN_L_1800_aa_w_product_phi_aug_5_01,0.6322546005249023,0.6360419716935091,0.6760980738370392,0.6346790790557861,0.6749,0.73305009,"quark jet: = 2, L: 1800 fb^-1, aa, w/ decay product, phi shifting: +5, flipping only",55,2026-03-22 08:15:29.417923
77910,53160,19488,13296,10000,10000,CWoLa,event-CNN,quark_jet_2_cut_eventCNN_L_1800_aa_wo_product_case_5_phi_aug_5_flip_only_10,0.6223283410072327,0.6465348950707662,0.6856404328363259,0.646079957485199,0.6824,0.73640403,"quark jet: = 2, L: 1800 fb^-1, aa, w/o decay product, phi shifting: +5, flipping only",45,2026-03-22 08:22:28.658522
77910,53160,19488,13296,10000,10000,CWoLa,event-CNN,quark_jet_2_cut_eventCNN_L_1800_aa_w_product_phi_aug_5_02,0.632878839969635,0.6434541239629087,0.6807196040230379,0.6590828895568848,0.66375,0.7162112300000001,"quark jet: = 2, L: 1800 fb^-1, aa, w/ decay product, phi shifting: +5, flipping only",54,2026-03-22 08:25:06.692708
77910,53160,19488,13296,10000,10000,CWoLa,event-CNN,quark_jet_2_cut_eventCNN_L_1800_aa_w_product_phi_aug_5_03,0.6303589344024658,0.6411054172767203,0.6747968974458534,0.6416813135147095,0.66,0.716028625,"quark jet: = 2, L: 1800 fb^-1, aa, w/ decay product, phi shifting: +5, flipping only",52,2026-03-22 08:35:18.072274
142835,97460,35728,24376,10000,10000,CWoLa,event-CNN,quark_jet_2_cut_eventCNN_L_1800_aa_wo_product_case_5_phi_aug_10_flip_only_01,0.6263083815574646,0.6423698921868761,0.6838130177047131,0.6357534527778625,0.6816,0.740821035,"quark jet: = 2, L: 1800 fb^-1, aa, w/o decay product, phi shifting: +10, flipping only",47,2026-03-22 08:36:33.040041
77910,53160,19488,13296,10000,10000,CWoLa,event-CNN,quark_jet_2_cut_eventCNN_L_1800_aa_w_product_phi_aug_5_04,0.6253727078437805,0.6393057589067838,0.6812064949500226,0.6460789442062378,0.67415,0.728614295,"quark jet: = 2, L: 1800 fb^-1, aa, w/ decay product, phi shifting: +5, flipping only",51,2026-03-22 08:45:10.600729
142835,97460,35728,24376,10000,10000,CWoLa,event-CNN,quark_jet_2_cut_eventCNN_L_1800_aa_wo_product_case_5_phi_aug_10_flip_only_02,0.6201746463775635,0.6487421802209503,0.694510156557381,0.6458223462104797,0.67985,0.734588095,"quark jet: = 2, L: 1800 fb^-1, aa, w/o decay product, phi shifting: +10, flipping only",42,2026-03-22 08:49:45.808650
77910,53160,19488,13296,10000,10000,CWoLa,event-CNN,quark_jet_2_cut_eventCNN_L_1800_aa_w_product_phi_aug_5_05,0.6342745423316956,0.6278977550024402,0.6636146191633372,0.6402959227561951,0.68245,0.7432102749999999,"quark jet: = 2, L: 1800 fb^-1, aa, w/ decay product, phi shifting: +5, flipping only",42,2026-03-22 08:54:51.370804
142835,97460,35728,24376,10000,10000,CWoLa,event-CNN,quark_jet_2_cut_eventCNN_L_1800_aa_wo_product_case_5_phi_aug_10_flip_only_03,0.6224797964096069,0.6519200053241049,0.6935779150140118,0.6264849305152893,0.6702,0.730570655,"quark jet: = 2, L: 1800 fb^-1, aa, w/o decay product, phi shifting: +10, flipping only",43,2026-03-22 09:02:54.952049
77910,53160,19488,13296,10000,10000,CWoLa,event-CNN,quark_jet_2_cut_eventCNN_L_1800_aa_w_product_phi_aug_5_06,0.6304129958152771,0.6409224011713031,0.6775338751768498,0.6286489963531494,0.6716,0.724291885,"quark jet: = 2, L: 1800 fb^-1, aa, w/ decay product, phi shifting: +5, flipping only",48,2026-03-22 09:04:11.922850
77910,53160,19488,13296,10000,10000,CWoLa,event-CNN,quark_jet_2_cut_eventCNN_L_1800_aa_w_product_phi_aug_5_07,0.6326953768730164,0.6393972669594924,0.6730168691085038,0.6545021533966064,0.6875,0.7433941849999999,"quark jet: = 2, L: 1800 fb^-1, aa, w/ decay product, phi shifting: +5, flipping only",45,2026-03-22 09:14:06.882191
142835,97460,35728,24376,10000,10000,CWoLa,event-CNN,quark_jet_2_cut_eventCNN_L_1800_aa_wo_product_case_5_phi_aug_10_flip_only_04,0.6186386942863464,0.639707839744443,0.6881214375248661,0.6325773596763611,0.67725,0.7273991949999999,"quark jet: = 2, L: 1800 fb^-1, aa, w/o decay product, phi shifting: +10, flipping only",45,2026-03-22 09:16:22.501309
77910,53160,19488,13296,10000,10000,CWoLa,event-CNN,quark_jet_2_cut_eventCNN_L_1800_aa_w_product_phi_aug_5_08,0.6215623021125793,0.6530319668130795,0.6906154774933855,0.6550337076187134,0.68135,0.7338598749999999,"quark jet: = 2, L: 1800 fb^-1, aa, w/ decay product, phi shifting: +5, flipping only",53,2026-03-22 09:23:45.675669
142835,97460,35728,24376,10000,10000,CWoLa,event-CNN,quark_jet_2_cut_eventCNN_L_1800_aa_wo_product_case_5_phi_aug_10_flip_only_05,0.6296635270118713,0.6473113270331425,0.6873851597862036,0.6397375464439392,0.6743,0.73059631,"quark jet: = 2, L: 1800 fb^-1, aa, w/o decay product, phi shifting: +10, flipping only",44,2026-03-22 09:29:37.938284
77910,53160,19488,13296,10000,10000,CWoLa,event-CNN,quark_jet_2_cut_eventCNN_L_1800_aa_w_product_phi_aug_5_09,0.6339811086654663,0.6373535871156661,0.6739022279624327,0.642936646938324,0.6664,0.718544145,"quark jet: = 2, L: 1800 fb^-1, aa, w/ decay product, phi shifting: +5, flipping only",55,2026-03-22 09:33:22.905771
77910,53160,19488,13296,10000,10000,CWoLa,event-CNN,quark_jet_2_cut_eventCNN_L_1800_aa_w_product_phi_aug_5_10,0.6244865655899048,0.6438201561737433,0.6835083102607251,0.6464113593101501,0.678,0.7289693349999999,"quark jet: = 2, L: 1800 fb^-1, aa, w/ decay product, phi shifting: +5, flipping only",47,2026-03-22 09:43:14.647308
142835,97460,35728,24376,10000,10000,CWoLa,event-CNN,quark_jet_2_cut_eventCNN_L_1800_aa_wo_product_case_5_phi_aug_10_flip_only_06,0.6260425448417664,0.6437674697191534,0.6829620168717044,0.6337115168571472,0.68135,0.74058092,"quark jet: = 2, L: 1800 fb^-1, aa, w/o decay product, phi shifting: +10, flipping only",46,2026-03-22 09:44:00.128795
142835,97460,35728,24376,10000,10000,CWoLa,event-CNN,quark_jet_2_cut_eventCNN_L_1800_aa_w_product_phi_aug_10_01,0.635534405708313,0.6384766404898177,0.675126229046917,0.6350714564323425,0.67685,0.7323805700000001,"quark jet: = 2, L: 1800 fb^-1, aa, w/ decay product, phi shifting: +10, flipping only",43,2026-03-22 09:58:51.598079
142835,97460,35728,24376,10000,10000,CWoLa,event-CNN,quark_jet_2_cut_eventCNN_L_1800_aa_wo_product_case_5_phi_aug_10_flip_only_07,0.6242313981056213,0.6484426993211766,0.6883531285030198,0.6379539966583252,0.67795,0.7367734899999999,"quark jet: = 2, L: 1800 fb^-1, aa, w/o decay product, phi shifting: +10, flipping only",45,2026-03-22 09:59:30.449176
142835,97460,35728,24376,10000,10000,CWoLa,event-CNN,quark_jet_2_cut_eventCNN_L_1800_aa_wo_product_case_5_phi_aug_10_flip_only_08,0.6172276735305786,0.6508718221748968,0.6963202893298687,0.6414825916290283,0.67995,0.74061726,"quark jet: = 2, L: 1800 fb^-1, aa, w/o decay product, phi shifting: +10, flipping only",43,2026-03-22 10:12:28.979249
142835,97460,35728,24376,10000,10000,CWoLa,event-CNN,quark_jet_2_cut_eventCNN_L_1800_aa_w_product_phi_aug_10_02,0.6287139654159546,0.6465293491281778,0.6873079459181143,0.627691924571991,0.667,0.719229985,"quark jet: = 2, L: 1800 fb^-1, aa, w/ decay product, phi shifting: +10, flipping only",43,2026-03-22 10:15:46.819222
142835,97460,35728,24376,10000,10000,CWoLa,event-CNN,quark_jet_2_cut_eventCNN_L_1800_aa_wo_product_case_5_phi_aug_10_flip_only_09,0.6315555572509766,0.6412218820710768,0.6802093394889234,0.6360051035881042,0.675,0.7326778400000001,"quark jet: = 2, L: 1800 fb^-1, aa, w/o decay product, phi shifting: +10, flipping only",45,2026-03-22 10:27:19.703754
142835,97460,35728,24376,10000,10000,CWoLa,event-CNN,quark_jet_2_cut_eventCNN_L_1800_aa_w_product_phi_aug_10_03,0.6271281242370605,0.6462797817116998,0.6818938639475799,0.6525458693504333,0.6613,0.715253925,"quark jet: = 2, L: 1800 fb^-1, aa, w/ decay product, phi shifting: +10, flipping only",48,2026-03-22 10:32:15.067844
142835,97460,35728,24376,10000,10000,CWoLa,event-CNN,quark_jet_2_cut_eventCNN_L_1800_aa_wo_product_case_5_phi_aug_10_flip_only_10,0.625954806804657,0.6478936510049248,0.6901902756804466,0.6301489472389221,0.6744,0.73016723,"quark jet: = 2, L: 1800 fb^-1, aa, w/o decay product, phi shifting: +10, flipping only",43,2026-03-22 10:42:41.553930
142835,97460,35728,24376,10000,10000,CWoLa,event-CNN,quark_jet_2_cut_eventCNN_L_1800_aa_w_product_phi_aug_10_04,0.6296354532241821,0.6411886064155464,0.6818035682962003,0.6552700996398926,0.66835,0.72317557,"quark jet: = 2, L: 1800 fb^-1, aa, w/ decay product, phi shifting: +10, flipping only",45,2026-03-22 10:47:57.258369
129864,88608,32472,22158,10000,10000,CWoLa,event-CNN,quark_jet_2_cut_eventCNN_L_3000_aa_wo_product_case_5_phi_aug_5_flip_only_01,0.6210101842880249,0.6446274940508878,0.6880825698519275,0.6533172726631165,0.67685,0.7295018850000001,"quark jet: = 2, L: 3000 fb^-1, aa, w/o decay product, phi shifting: +5, flipping only",43,2026-03-22 10:55:23.545442
142835,97460,35728,24376,10000,10000,CWoLa,event-CNN,quark_jet_2_cut_eventCNN_L_1800_aa_w_product_phi_aug_10_05,0.6328363418579102,0.6352156262478371,0.6707212229978582,0.6364647746086121,0.6785,0.7350979999999999,"quark jet: = 2, L: 1800 fb^-1, aa, w/ decay product, phi shifting: +10, flipping only",40,2026-03-22 11:04:51.223585
129864,88608,32472,22158,10000,10000,CWoLa,event-CNN,quark_jet_2_cut_eventCNN_L_3000_aa_wo_product_case_5_phi_aug_5_flip_only_02,0.6241538524627686,0.647263408383672,0.6882337300974983,0.6393981575965881,0.68615,0.7424555150000001,"quark jet: = 2, L: 3000 fb^-1, aa, w/o decay product, phi shifting: +5, flipping only",46,2026-03-22 11:07:32.947270
142835,97460,35728,24376,10000,10000,CWoLa,event-CNN,quark_jet_2_cut_eventCNN_L_1800_aa_w_product_phi_aug_10_06,0.6288164258003235,0.6403567150272861,0.6784187524599679,0.639289140701294,0.67385,0.7330204699999999,"quark jet: = 2, L: 1800 fb^-1, aa, w/ decay product, phi shifting: +10, flipping only",43,2026-03-22 11:19:21.682011
129864,88608,32472,22158,10000,10000,CWoLa,event-CNN,quark_jet_2_cut_eventCNN_L_3000_aa_wo_product_case_5_phi_aug_5_flip_only_03,0.6145981550216675,0.6516382939776679,0.6975912173876516,0.6323543190956116,0.68025,0.739621915,"quark jet: = 2, L: 3000 fb^-1, aa, w/o decay product, phi shifting: +5, flipping only",45,2026-03-22 11:19:32.041923
129864,88608,32472,22158,10000,10000,CWoLa,event-CNN,quark_jet_2_cut_eventCNN_L_3000_aa_wo_product_case_5_phi_aug_5_flip_only_04,0.6220300197601318,0.6467691744462749,0.6908164595681519,0.620075523853302,0.6789,0.73559419,"quark jet: = 2, L: 3000 fb^-1, aa, w/o decay product, phi shifting: +5, flipping only",42,2026-03-22 11:31:06.972937
142835,97460,35728,24376,10000,10000,CWoLa,event-CNN,quark_jet_2_cut_eventCNN_L_1800_aa_w_product_phi_aug_10_07,0.6333388686180115,0.6416211899374418,0.6790254983832188,0.63609778881073,0.6717,0.728197145,"quark jet: = 2, L: 1800 fb^-1, aa, w/ decay product, phi shifting: +10, flipping only",45,2026-03-22 11:34:08.143554
129864,88608,32472,22158,10000,10000,CWoLa,event-CNN,quark_jet_2_cut_eventCNN_L_3000_aa_wo_product_case_5_phi_aug_5_flip_only_05,0.6255563497543335,0.642339373970346,0.6848327579954405,0.6294760704040527,0.6707,0.7274047399999999,"quark jet: = 2, L: 3000 fb^-1, aa, w/o decay product, phi shifting: +5, flipping only",45,2026-03-22 11:43:18.726213
142835,97460,35728,24376,10000,10000,CWoLa,event-CNN,quark_jet_2_cut_eventCNN_L_1800_aa_w_product_phi_aug_10_08,0.6222107410430908,0.646146679089578,0.6860435972468423,0.6353042125701904,0.68465,0.74402425,"quark jet: = 2, L: 1800 fb^-1, aa, w/ decay product, phi shifting: +10, flipping only",40,2026-03-22 11:49:53.637213
129864,88608,32472,22158,10000,10000,CWoLa,event-CNN,quark_jet_2_cut_eventCNN_L_3000_aa_wo_product_case_5_phi_aug_5_flip_only_06,0.614626407623291,0.6522789676002196,0.6992962391355363,0.6222867369651794,0.6838,0.74843447,"quark jet: = 2, L: 3000 fb^-1, aa, w/o decay product, phi shifting: +5, flipping only",49,2026-03-22 11:56:12.896681
142835,97460,35728,24376,10000,10000,CWoLa,event-CNN,quark_jet_2_cut_eventCNN_L_1800_aa_w_product_phi_aug_10_09,0.6319833993911743,0.6383601756954612,0.6794506132815331,0.634996771812439,0.6765,0.731267465,"quark jet: = 2, L: 1800 fb^-1, aa, w/ decay product, phi shifting: +10, flipping only",43,2026-03-22 12:04:48.674243
129864,88608,32472,22158,10000,10000,CWoLa,event-CNN,quark_jet_2_cut_eventCNN_L_3000_aa_wo_product_case_5_phi_aug_5_flip_only_07,0.6201663017272949,0.6543474281530295,0.6978774270168504,0.6159476637840271,0.68865,0.748458565,"quark jet: = 2, L: 3000 fb^-1, aa, w/o decay product, phi shifting: +5, flipping only",46,2026-03-22 12:08:31.707410
142835,97460,35728,24376,10000,10000,CWoLa,event-CNN,quark_jet_2_cut_eventCNN_L_1800_aa_w_product_phi_aug_10_10,0.6271803975105286,0.6469785704778385,0.6870296672339719,0.6355543732643127,0.6686,0.7216444900000001,"quark jet: = 2, L: 1800 fb^-1, aa, w/ decay product, phi shifting: +10, flipping only",43,2026-03-22 12:19:33.400788
129864,88608,32472,22158,10000,10000,CWoLa,event-CNN,quark_jet_2_cut_eventCNN_L_3000_aa_wo_product_case_5_phi_aug_5_flip_only_08,0.6146852970123291,0.652352187442797,0.6941141564865254,0.6447042226791382,0.6827,0.7372161950000001,"quark jet: = 2, L: 3000 fb^-1, aa, w/o decay product, phi shifting: +5, flipping only",48,2026-03-22 12:21:00.955890
129864,88608,32472,22158,10000,10000,CWoLa,event-CNN,quark_jet_2_cut_eventCNN_L_3000_aa_wo_product_case_5_phi_aug_5_flip_only_09,0.6187261939048767,0.6545670876807614,0.6965878179791037,0.6316533088684082,0.6758,0.7367018200000001,"quark jet: = 2, L: 3000 fb^-1, aa, w/o decay product, phi shifting: +5, flipping only",49,2026-03-22 12:34:05.442183
129864,88608,32472,22158,10000,10000,CWoLa,event-CNN,quark_jet_2_cut_eventCNN_L_3000_aa_w_product_phi_aug_5_01,0.6261136531829834,0.646933919092074,0.6894584690109182,0.6291825771331787,0.67055,0.725951105,"quark jet: = 2, L: 3000 fb^-1, aa, w/ decay product, phi shifting: +5, flipping only",53,2026-03-22 12:34:45.003878
129864,88608,32472,22158,10000,10000,CWoLa,event-CNN,quark_jet_2_cut_eventCNN_L_3000_aa_w_product_phi_aug_5_02,0.6213780641555786,0.6459271462566355,0.68777969065077,0.6450556516647339,0.67705,0.73130767,"quark jet: = 2, L: 3000 fb^-1, aa, w/ decay product, phi shifting: +5, flipping only",49,2026-03-22 12:48:53.154665
129864,88608,32472,22158,10000,10000,CWoLa,event-CNN,quark_jet_2_cut_eventCNN_L_3000_aa_wo_product_case_5_phi_aug_5_flip_only_10,0.6178304553031921,0.6549881017755812,0.6995925805956154,0.6338456273078918,0.6734,0.7314511200000001,"quark jet: = 2, L: 3000 fb^-1, aa, w/o decay product, phi shifting: +5, flipping only",59,2026-03-22 12:49:05.961018
129864,88608,32472,22158,10000,10000,CWoLa,event-CNN,quark_jet_2_cut_eventCNN_L_3000_aa_w_product_phi_aug_5_03,0.6166183352470398,0.6517664287021783,0.6971927772315207,0.6245591044425964,0.67765,0.73550985,"quark jet: = 2, L: 3000 fb^-1, aa, w/ decay product, phi shifting: +5, flipping only",50,2026-03-22 13:03:52.751838
238084,162448,59532,40623,10000,10000,CWoLa,event-CNN,quark_jet_2_cut_eventCNN_L_3000_aa_wo_product_case_5_phi_aug_10_flip_only_01,0.6163063049316406,0.6489241675403126,0.6953676329738534,0.633270800113678,0.68285,0.736417705,"quark jet: = 2, L: 3000 fb^-1, aa, w/o decay product, phi shifting: +10, flipping only",40,2026-03-22 13:08:49.226493
129864,88608,32472,22158,10000,10000,CWoLa,event-CNN,quark_jet_2_cut_eventCNN_L_3000_aa_w_product_phi_aug_5_04,0.6300102472305298,0.6495149185429251,0.6921479357215967,0.633051335811615,0.6724,0.73215213,"quark jet: = 2, L: 3000 fb^-1, aa, w/ decay product, phi shifting: +5, flipping only",51,2026-03-22 13:22:33.605649
238084,162448,59532,40623,10000,10000,CWoLa,event-CNN,quark_jet_2_cut_eventCNN_L_3000_aa_wo_product_case_5_phi_aug_10_flip_only_02,0.622060239315033,0.6479856222854575,0.6872241335356232,0.6367566585540771,0.67635,0.7318933900000001,"quark jet: = 2, L: 3000 fb^-1, aa, w/o decay product, phi shifting: +10, flipping only",38,2026-03-22 13:29:00.552600
129864,88608,32472,22158,10000,10000,CWoLa,event-CNN,quark_jet_2_cut_eventCNN_L_3000_aa_w_product_phi_aug_5_05,0.6312503814697266,0.6431081823174081,0.681985588433722,0.6183030009269714,0.6753,0.73900921,"quark jet: = 2, L: 3000 fb^-1, aa, w/ decay product, phi shifting: +5, flipping only",49,2026-03-22 13:38:18.188305
238084,162448,59532,40623,10000,10000,CWoLa,event-CNN,quark_jet_2_cut_eventCNN_L_3000_aa_wo_product_case_5_phi_aug_10_flip_only_03,0.6133082509040833,0.6561230093355299,0.7032995496803615,0.6364923715591431,0.68345,0.7426058449999999,"quark jet: = 2, L: 3000 fb^-1, aa, w/o decay product, phi shifting: +10, flipping only",42,2026-03-22 13:49:12.819524
129864,88608,32472,22158,10000,10000,CWoLa,event-CNN,quark_jet_2_cut_eventCNN_L_3000_aa_w_product_phi_aug_5_06,0.6238781213760376,0.6521508328757093,0.6904414289447278,0.6225435137748718,0.67845,0.73540983,"quark jet: = 2, L: 3000 fb^-1, aa, w/ decay product, phi shifting: +5, flipping only",47,2026-03-22 13:52:25.295636
129864,88608,32472,22158,10000,10000,CWoLa,event-CNN,quark_jet_2_cut_eventCNN_L_3000_aa_w_product_phi_aug_5_07,0.6208136677742004,0.6510525352370492,0.6925210817410876,0.6411672830581665,0.68,0.734307335,"quark jet: = 2, L: 3000 fb^-1, aa, w/ decay product, phi shifting: +5, flipping only",48,2026-03-22 14:07:37.527286
238084,162448,59532,40623,10000,10000,CWoLa,event-CNN,quark_jet_2_cut_eventCNN_L_3000_aa_wo_product_case_5_phi_aug_10_flip_only_04,0.6165895462036133,0.6552244021766263,0.6999278746375435,0.642320454120636,0.6779,0.738506005,"quark jet: = 2, L: 3000 fb^-1, aa, w/o decay product, phi shifting: +10, flipping only",43,2026-03-22 14:10:26.273792
129864,88608,32472,22158,10000,10000,CWoLa,event-CNN,quark_jet_2_cut_eventCNN_L_3000_aa_w_product_phi_aug_5_08,0.6197298169136047,0.6459454512172799,0.689241927185086,0.6289657950401306,0.68855,0.7403706250000001,"quark jet: = 2, L: 3000 fb^-1, aa, w/ decay product, phi shifting: +5, flipping only",47,2026-03-22 14:21:37.557898
238084,162448,59532,40623,10000,10000,CWoLa,event-CNN,quark_jet_2_cut_eventCNN_L_3000_aa_wo_product_case_5_phi_aug_10_flip_only_05,0.6240535378456116,0.6460685936797963,0.687426849338849,0.6270893216133118,0.6769,0.73098514,"quark jet: = 2, L: 3000 fb^-1, aa, w/o decay product, phi shifting: +10, flipping only",39,2026-03-22 14:28:25.560872
129864,88608,32472,22158,10000,10000,CWoLa,event-CNN,quark_jet_2_cut_eventCNN_L_3000_aa_w_product_phi_aug_5_09,0.6218885779380798,0.6522606626395753,0.6936514139499518,0.6231469511985779,0.67885,0.7358069749999999,"quark jet: = 2, L: 3000 fb^-1, aa, w/ decay product, phi shifting: +5, flipping only",51,2026-03-22 14:38:19.370008
238084,162448,59532,40623,10000,10000,CWoLa,event-CNN,quark_jet_2_cut_eventCNN_L_3000_aa_wo_product_case_5_phi_aug_10_flip_only_06,0.6181169748306274,0.6555638759922121,0.7025825817964819,0.6236540079116821,0.68605,0.7480784650000001,"quark jet: = 2, L: 3000 fb^-1, aa, w/o decay product, phi shifting: +10, flipping only",43,2026-03-22 14:50:32.253297
129864,88608,32472,22158,10000,10000,CWoLa,event-CNN,quark_jet_2_cut_eventCNN_L_3000_aa_w_product_phi_aug_5_10,0.621554970741272,0.6538714991762767,0.6951799194683722,0.6329748034477234,0.6718,0.7299447649999999,"quark jet: = 2, L: 3000 fb^-1, aa, w/ decay product, phi shifting: +5, flipping only",48,2026-03-22 14:53:02.660185
238084,162448,59532,40623,10000,10000,CWoLa,event-CNN,quark_jet_2_cut_eventCNN_L_3000_aa_wo_product_case_5_phi_aug_10_flip_only_07,0.6137287616729736,0.6560131795716639,0.7017151242293174,0.6372847557067871,0.6885,0.74315569,"quark jet: = 2, L: 3000 fb^-1, aa, w/o decay product, phi shifting: +10, flipping only",38,2026-03-22 15:10:10.549145
720,491,180,124,10000,10000,ideal_mix,event-CNN,quark_jet_2_cut_eventCNN_L_100_aa_wo_product_case_5_ideal_mix_05,0.6817479133605957,0.5888157894736842,0.5590949820788531,0.6480916738510132,0.66065,0.717955235,"quark jet: = 2, L: 100 fb^-1, aa, w/o decay product, ideal mixture",94,2026-03-22 15:15:21.141103
238084,162448,59532,40623,10000,10000,CWoLa,event-CNN,quark_jet_2_cut_eventCNN_L_3000_aa_w_product_phi_aug_10_01,0.6236333250999451,0.6464779591632969,0.6885833557083358,0.6486917734146118,0.67505,0.7367674099999999,"quark jet: = 2, L: 3000 fb^-1, aa, w/ decay product, phi shifting: +10, flipping only",44,2026-03-22 15:20:04.272186
238084,162448,59532,40623,10000,10000,CWoLa,event-CNN,quark_jet_2_cut_eventCNN_L_3000_aa_wo_product_case_5_phi_aug_10_flip_only_08,0.6239551901817322,0.6505616294743148,0.692394581435068,0.6126377582550049,0.68355,0.743382065,"quark jet: = 2, L: 3000 fb^-1, aa, w/o decay product, phi shifting: +10, flipping only",40,2026-03-22 15:33:58.022956
238084,162448,59532,40623,10000,10000,CWoLa,event-CNN,quark_jet_2_cut_eventCNN_L_3000_aa_w_product_phi_aug_10_flip_only_02,0.6233570575714111,0.6440716888822325,0.6839841274292914,0.6352797150611877,0.6776,0.735408705,"quark jet: = 2, L: 3000 fb^-1, aa, w/ decay product, phi shifting: +10, flipping only",38,2026-03-22 15:46:35.271934
238084,162448,59532,40623,10000,10000,CWoLa,event-CNN,quark_jet_2_cut_eventCNN_L_3000_aa_wo_product_case_5_phi_aug_10_flip_only_09,0.632872462272644,0.651540112825121,0.6943522508825863,0.621920645236969,0.67585,0.73721841,"quark jet: = 2, L: 3000 fb^-1, aa, w/o decay product, phi shifting: +10, flipping only",44,2026-03-22 15:58:09.658695
238084,162448,59532,40623,10000,10000,CWoLa,event-CNN,quark_jet_2_cut_eventCNN_L_3000_aa_w_product_phi_aug_10_flip_only_03,0.6207747459411621,0.6514702211572063,0.6977222332552806,0.629473090171814,0.68055,0.7390948749999999,"quark jet: = 2, L: 3000 fb^-1, aa, w/ decay product, phi shifting: +10, flipping only",43,2026-03-22 16:14:48.912316
238084,162448,59532,40623,10000,10000,CWoLa,event-CNN,quark_jet_2_cut_eventCNN_L_3000_aa_wo_product_case_5_phi_aug_10_flip_only_10,0.6131138801574707,0.6587389546203385,0.703835091527799,0.6326612234115601,0.6799,0.7355545000000001,"quark jet: = 2, L: 3000 fb^-1, aa, w/o decay product, phi shifting: +10, flipping only",42,2026-03-22 16:20:24.930847
238084,162448,59532,40623,10000,10000,CWoLa,event-CNN,quark_jet_2_cut_eventCNN_L_3000_aa_w_product_phi_aug_10_flip_only_04,0.6249924898147583,0.6486346163446658,0.6930004762930176,0.6768594980239868,0.67655,0.7305668499999999,"quark jet: = 2, L: 3000 fb^-1, aa, w/ decay product, phi shifting: +10, flipping only",40,2026-03-22 16:41:53.276274
238084,162448,59532,40623,10000,10000,CWoLa,event-CNN,quark_jet_2_cut_eventCNN_L_3000_aa_w_product_phi_aug_10_flip_only_05,0.6252927780151367,0.6489041984923368,0.6920897399605327,0.6461566686630249,0.6796,0.7417472350000001,"quark jet: = 2, L: 3000 fb^-1, aa, w/ decay product, phi shifting: +10, flipping only",45,2026-03-22 17:05:16.965610
238084,162448,59532,40623,10000,10000,CWoLa,event-CNN,quark_jet_2_cut_eventCNN_L_3000_aa_w_product_phi_aug_10_flip_only_06,0.6184425354003906,0.6494633318356547,0.6921582251828562,0.6363879442214966,0.68325,0.7416704650000001,"quark jet: = 2, L: 3000 fb^-1, aa, w/ decay product, phi shifting: +10, flipping only",39,2026-03-22 17:26:14.879984
238084,162448,59532,40623,10000,10000,CWoLa,event-CNN,quark_jet_2_cut_eventCNN_L_3000_aa_w_product_phi_aug_10_flip_only_07,0.6231844425201416,0.6535669711946483,0.6949987222707864,0.6318075656890869,0.68905,0.7474805649999999,"quark jet: = 2, L: 3000 fb^-1, aa, w/ decay product, phi shifting: +10, flipping only",40,2026-03-22 17:47:44.623325
238084,162448,59532,40623,10000,10000,CWoLa,event-CNN,quark_jet_2_cut_eventCNN_L_3000_aa_w_product_phi_aug_10_flip_only_08,0.6235715746879578,0.6461285008237232,0.6906140028698258,0.6537777185440063,0.6769,0.733665295,"quark jet: = 2, L: 3000 fb^-1, aa, w/ decay product, phi shifting: +10, flipping only",47,2026-03-22 18:12:03.667361
238084,162448,59532,40623,10000,10000,CWoLa,event-CNN,quark_jet_2_cut_eventCNN_L_3000_aa_w_product_phi_aug_10_flip_only_09,0.6186203360557556,0.6536368628625631,0.6948589577936419,0.639289915561676,0.6806,0.73979122,"quark jet: = 2, L: 3000 fb^-1, aa, w/ decay product, phi shifting: +10, flipping only",41,2026-03-22 18:33:55.060092
238084,162448,59532,40623,10000,10000,CWoLa,event-CNN,quark_jet_2_cut_eventCNN_L_3000_aa_w_product_phi_aug_10_flip_only_10,0.6159916520118713,0.6544456093055764,0.6958261480964847,0.6442233324050903,0.67725,0.73155083,"quark jet: = 2, L: 3000 fb^-1, aa, w/ decay product, phi shifting: +10, flipping only",40,2026-03-22 18:55:10.853252
17,11,5,4,10000,10000,CWoLa,event-CNN,quark_jet_2_cut_eventCNN_L_100_wo_a_Za2l_10,0.6958377361297607,0.6666666666666666,0.4,0.6927230954170227,0.55975,0.581494935,"quark jet: = 2, L: 100 fb^-1, Za2l, w/o decay product",12,2026-07-23 14:11:56.397963
17,11,5,4,10000,10000,CWoLa,event-CNN,quark_jet_2_cut_eventCNN_L_100_wo_a_Za2l_05,0.6899725794792175,0.6666666666666666,0.75,0.6934736371040344,0.5035,0.488831515,"quark jet: = 2, L: 100 fb^-1, Za2l, w/o decay product",12,2026-07-23 14:11:57.084679
17,11,5,4,10000,10000,CWoLa,event-CNN,quark_jet_2_cut_eventCNN_L_100_wo_a_Za2l_01,0.6910872459411621,0.5555555555555556,0.45,0.6925781965255737,0.5689,0.5897743099999999,"quark jet: = 2, L: 100 fb^-1, Za2l, w/o decay product",12,2026-07-23 14:11:57.200635
17,11,5,4,10000,10000,CWoLa,event-CNN,quark_jet_2_cut_eventCNN_L_100_wo_a_Za2l_04,0.6912622451782227,0.6666666666666666,0.7,0.6916322112083435,0.5961,0.6262045,"quark jet: = 2, L: 100 fb^-1, Za2l, w/o decay product",12,2026-07-23 14:11:57.241492
17,11,5,4,10000,10000,CWoLa,event-CNN,quark_jet_2_cut_eventCNN_L_100_wo_a_Za2l_03,0.6928818225860596,0.6666666666666666,0.5499999999999999,0.692848801612854,0.5257,0.5314412799999999,"quark jet: = 2, L: 100 fb^-1, Za2l, w/o decay product",20,2026-07-23 14:12:01.800743
17,11,5,4,10000,10000,CWoLa,event-CNN,quark_jet_2_cut_eventCNN_L_100_wo_a_Za2l_02,0.6906540989875793,0.6666666666666666,0.6,0.6940748691558838,0.5,0.42978085,"quark jet: = 2, L: 100 fb^-1, Za2l, w/o decay product",14,2026-07-23 14:12:02.094722
17,11,5,4,10000,10000,CWoLa,event-CNN,quark_jet_2_cut_eventCNN_L_100_wo_a_Za2l_08,0.691594123840332,0.6666666666666666,0.65,0.6929523944854736,0.52735,0.52845778,"quark jet: = 2, L: 100 fb^-1, Za2l, w/o decay product",31,2026-07-23 14:12:32.103651
17,11,5,4,10000,10000,CWoLa,event-CNN,quark_jet_2_cut_eventCNN_L_100_wo_a_Za2l_07,0.6337156295776367,0.6666666666666666,0.65,0.6655817031860352,0.59645,0.631962785,"quark jet: = 2, L: 100 fb^-1, Za2l, w/o decay product",78,2026-07-23 14:13:22.495742
187,121,55,44,10000,10000,CWoLa,event-CNN,quark_jet_2_cut_eventCNN_L_100_wo_a_Za2l_phi_aug_10_05,0.6868941783905029,0.7171717171717171,0.7466942148760329,0.6940552592277527,0.50065,0.47049959,"quark jet: = 2, L: 100 fb^-1, Za2l, w/o decay product, phi shifting: +10",12,2026-07-23 14:14:05.908549
187,121,55,44,10000,10000,CWoLa,event-CNN,quark_jet_2_cut_eventCNN_L_100_wo_a_Za2l_phi_aug_10_09,0.6922013759613037,0.5959595959595959,0.468595041322314,0.6934254169464111,0.50245,0.47051803,"quark jet: = 2, L: 100 fb^-1, Za2l, w/o decay product, phi shifting: +10",12,2026-07-23 14:14:06.355087
17,11,5,4,10000,10000,CWoLa,event-CNN,quark_jet_2_cut_eventCNN_L_100_wo_a_Za2l_09,0.5446560978889465,0.6666666666666666,0.75,0.7847895622253418,0.5853,0.60858982,"quark jet: = 2, L: 100 fb^-1, Za2l, w/o decay product",87,2026-07-23 14:14:18.045885
187,121,55,44,10000,10000,CWoLa,event-CNN,quark_jet_2_cut_eventCNN_L_100_wo_a_Za2l_phi_aug_10_02,0.6910101175308228,0.6262626262626263,0.5322314049586777,0.6920902132987976,0.56345,0.5880127100000001,"quark jet: = 2, L: 100 fb^-1, Za2l, w/o decay product, phi shifting: +10",19,2026-07-23 14:14:19.698753
187,121,55,44,10000,10000,CWoLa,event-CNN,quark_jet_2_cut_eventCNN_L_100_wo_a_Za2l_phi_aug_10_10,0.6909436583518982,0.6060606060606061,0.5545454545454545,0.6933305263519287,0.51215,0.50169728,"quark jet: = 2, L: 100 fb^-1, Za2l, w/o decay product, phi shifting: +10",25,2026-07-23 14:14:23.142348
187,121,55,44,10000,10000,CWoLa,event-CNN,quark_jet_2_cut_eventCNN_L_100_wo_a_Za2l_phi_aug_10_03,0.6909217238426208,0.5858585858585859,0.4818181818181818,0.693062961101532,0.5293,0.53707788,"quark jet: = 2, L: 100 fb^-1, Za2l, w/o decay product, phi shifting: +10",21,2026-07-23 14:14:25.286847
102,66,30,24,10000,10000,CWoLa,event-CNN,quark_jet_2_cut_eventCNN_L_100_wo_a_Za2l_phi_aug_5_02,0.6939761638641357,0.5925925925925926,0.5319444444444444,0.6934143900871277,0.5,0.472779105,"quark jet: = 2, L: 100 fb^-1, Za2l, w/o decay product, phi shifting: +5",12,2026-07-23 14:14:53.782949
102,66,30,24,10000,10000,CWoLa,event-CNN,quark_jet_2_cut_eventCNN_L_100_wo_a_Za2l_phi_aug_5_03,0.6893265247344971,0.5740740740740741,0.5222222222222223,0.6941574811935425,0.50075,0.469119815,"quark jet: = 2, L: 100 fb^-1, Za2l, w/o decay product, phi shifting: +5",12,2026-07-23 14:14:54.976606
187,121,55,44,10000,10000,CWoLa,event-CNN,quark_jet_2_cut_eventCNN_L_100_wo_a_Za2l_phi_aug_10_04,0.669715940952301,0.6262626262626263,0.6355371900826446,0.6911228895187378,0.5776,0.5995174950000001,"quark jet: = 2, L: 100 fb^-1, Za2l, w/o decay product, phi shifting: +10",46,2026-07-23 14:15:07.069141
102,66,30,24,10000,10000,CWoLa,event-CNN,quark_jet_2_cut_eventCNN_L_100_wo_a_Za2l_phi_aug_5_05,0.6982666254043579,0.5370370370370371,0.2319444444444444,0.693206787109375,0.5122,0.51135934,"quark jet: = 2, L: 100 fb^-1, Za2l, w/o decay product, phi shifting: +5",13,2026-07-23 14:15:09.041057
17,11,5,4,10000,10000,CWoLa,event-CNN,quark_jet_2_cut_eventCNN_L_100_wo_a_Za2l_06,0.4839566648006439,0.7777777777777778,0.8,0.8622179627418518,0.629,0.67379779,"quark jet: = 2, L: 100 fb^-1, Za2l, w/o decay product",128,2026-07-23 14:15:11.756346
187,121,55,44,10000,10000,CWoLa,event-CNN,quark_jet_2_cut_eventCNN_L_100_wo_a_Za2l_phi_aug_10_07,0.6687391400337219,0.7373737373737373,0.6400826446280992,0.6438366174697876,0.63275,0.6804968149999999,"quark jet: = 2, L: 100 fb^-1, Za2l, w/o decay product, phi shifting: +10",58,2026-07-23 14:15:23.733143
187,121,55,44,10000,10000,CWoLa,event-CNN,quark_jet_2_cut_eventCNN_L_100_wo_a_Za2l_phi_aug_10_08,0.6754776239395142,0.6464646464646465,0.587603305785124,0.6679234504699707,0.61175,0.65275249,"quark jet: = 2, L: 100 fb^-1, Za2l, w/o decay product, phi shifting: +10",54,2026-07-23 14:15:24.101622
102,66,30,24,10000,10000,CWoLa,event-CNN,quark_jet_2_cut_eventCNN_L_100_wo_a_Za2l_phi_aug_5_04,0.6908224821090698,0.5370370370370371,0.4166666666666667,0.6938127279281616,0.50555,0.4946882899999999,"quark jet: = 2, L: 100 fb^-1, Za2l, w/o decay product, phi shifting: +5",14,2026-07-23 14:15:36.083334
187,121,55,44,10000,10000,CWoLa,event-CNN,quark_jet_2_cut_eventCNN_L_100_wo_a_Za2l_phi_aug_10_06,0.6723488569259644,0.6262626262626263,0.6066115702479339,0.6583626866340637,0.6226,0.6696582200000001,"quark jet: = 2, L: 100 fb^-1, Za2l, w/o decay product, phi shifting: +10",56,2026-07-23 14:15:41.743249
102,66,30,24,10000,10000,CWoLa,event-CNN,quark_jet_2_cut_eventCNN_L_100_wo_a_Za2l_phi_aug_5_08,0.6896359324455261,0.5740740740740741,0.4597222222222222,0.6979495882987976,0.5004,0.45700892,"quark jet: = 2, L: 100 fb^-1, Za2l, w/o decay product, phi shifting: +5",12,2026-07-23 14:15:43.008709
187,121,55,44,10000,10000,CWoLa,event-CNN,quark_jet_2_cut_eventCNN_L_100_wo_a_Za2l_phi_aug_10_01,0.5858843326568604,0.7272727272727273,0.7557851239669422,0.7261192202568054,0.58795,0.62479949,"quark jet: = 2, L: 100 fb^-1, Za2l, w/o decay product, phi shifting: +10",81,2026-07-23 14:15:45.105707
324,229,82,58,10000,10000,CWoLa,event-CNN,quark_jet_2_cut_eventCNN_L_1800_wo_a_Za2l_01,0.6907427906990051,0.6214285714285714,0.5836837678721615,0.6922793984413147,0.55135,0.57617853,"quark jet: = 2, L: 1800 fb^-1, Za2l, w/o decay product",12,2026-07-23 14:15:50.059147
102,66,30,24,10000,10000,CWoLa,event-CNN,quark_jet_2_cut_eventCNN_L_100_wo_a_Za2l_phi_aug_5_09,0.6910640597343445,0.5370370370370371,0.3902777777777778,0.6940141320228577,0.50675,0.503183575,"quark jet: = 2, L: 100 fb^-1, Za2l, w/o decay product, phi shifting: +5",12,2026-07-23 14:15:53.435711
324,229,82,58,10000,10000,CWoLa,event-CNN,quark_jet_2_cut_eventCNN_L_1800_wo_a_Za2l_03,0.6917253732681274,0.5785714285714286,0.5147182506307821,0.6924548745155334,0.5825,0.617149145,"quark jet: = 2, L: 1800 fb^-1, Za2l, w/o decay product",12,2026-07-23 14:16:08.257567
324,229,82,58,10000,10000,CWoLa,event-CNN,quark_jet_2_cut_eventCNN_L_1800_wo_a_Za2l_04,0.6892523169517517,0.6142857142857143,0.5990328006728344,0.6907011270523071,0.583,0.60562852,"quark jet: = 2, L: 1800 fb^-1, Za2l, w/o decay product",20,2026-07-23 14:16:12.142945
102,66,30,24,10000,10000,CWoLa,event-CNN,quark_jet_2_cut_eventCNN_L_100_wo_a_Za2l_phi_aug_5_01,0.6359182000160217,0.6296296296296297,0.6763888888888888,0.6831288933753967,0.5972,0.63303625,"quark jet: = 2, L: 100 fb^-1, Za2l, w/o decay product, phi shifting: +5",78,2026-07-23 14:16:15.036564
102,66,30,24,10000,10000,CWoLa,event-CNN,quark_jet_2_cut_eventCNN_L_100_wo_a_Za2l_phi_aug_5_07,0.6941906809806824,0.5740740740740741,0.5138888888888888,0.6928215622901917,0.52095,0.523768595,"quark jet: = 2, L: 100 fb^-1, Za2l, w/o decay product, phi shifting: +5",27,2026-07-23 14:16:16.936392
324,229,82,58,10000,10000,CWoLa,event-CNN,quark_jet_2_cut_eventCNN_L_1800_wo_a_Za2l_05,0.6957202553749084,0.6285714285714286,0.5513036164844407,0.6924931406974792,0.56305,0.575569355,"quark jet: = 2, L: 1800 fb^-1, Za2l, w/o decay product",12,2026-07-23 14:16:24.949296
324,229,82,58,10000,10000,CWoLa,event-CNN,quark_jet_2_cut_eventCNN_L_1800_wo_a_Za2l_08,0.6937882900238037,0.6142857142857143,0.5950378469301935,0.6924511194229126,0.5579,0.571319235,"quark jet: = 2, L: 1800 fb^-1, Za2l, w/o decay product",12,2026-07-23 14:16:24.999915
324,229,82,58,10000,10000,CWoLa,event-CNN,quark_jet_2_cut_eventCNN_L_1800_wo_a_Za2l_06,0.6890594363212585,0.6,0.5622371740958789,0.6936135292053223,0.5054,0.484974395,"quark jet: = 2, L: 1800 fb^-1, Za2l, w/o decay product",12,2026-07-23 14:16:27.227423
324,229,82,58,10000,10000,CWoLa,event-CNN,quark_jet_2_cut_eventCNN_L_1800_wo_a_Za2l_02,0.6765204668045044,0.6357142857142857,0.5807401177460051,0.6875709295272827,0.6008,0.641130255,"quark jet: = 2, L: 1800 fb^-1, Za2l, w/o decay product",52,2026-07-23 14:16:27.588586
324,229,82,58,10000,10000,CWoLa,event-CNN,quark_jet_2_cut_eventCNN_L_1800_wo_a_Za2l_07,0.6884081959724426,0.5785714285714286,0.4514297729184188,0.6930124759674072,0.55195,0.5702723000000001,"quark jet: = 2, L: 1800 fb^-1, Za2l, w/o decay product",12,2026-07-23 14:16:29.179922
324,229,82,58,10000,10000,CWoLa,event-CNN,quark_jet_2_cut_eventCNN_L_1800_wo_a_Za2l_10,0.6944219470024109,0.5857142857142857,0.424936921783011,0.693565845489502,0.5005,0.438038175,"quark jet: = 2, L: 1800 fb^-1, Za2l, w/o decay product",12,2026-07-23 14:16:32.940003
324,229,82,58,10000,10000,CWoLa,event-CNN,quark_jet_2_cut_eventCNN_L_1800_wo_a_Za2l_09,0.6773959994316101,0.5928571428571429,0.545206055508831,0.6904013156890869,0.58125,0.6146902099999999,"quark jet: = 2, L: 1800 fb^-1, Za2l, w/o decay product",38,2026-07-23 14:16:59.495385
102,66,30,24,10000,10000,CWoLa,event-CNN,quark_jet_2_cut_eventCNN_L_100_wo_a_Za2l_phi_aug_5_10,0.6846845149993896,0.5925925925925926,0.5555555555555556,0.7000662088394165,0.5077,0.50535713,"quark jet: = 2, L: 100 fb^-1, Za2l, w/o decay product, phi shifting: +5",43,2026-07-23 14:17:40.092856
3564,2519,902,638,10000,10000,CWoLa,event-CNN,quark_jet_2_cut_eventCNN_L_1800_wo_a_Za2l_phi_aug_10_01,0.650908887386322,0.6227272727272727,0.6454986828295185,0.6557571887969971,0.6364,0.6838678349999999,"quark jet: = 2, L: 1800 fb^-1, Za2l, w/o decay product, phi shifting: +10",21,2026-07-23 14:17:42.085999
3564,2519,902,638,10000,10000,CWoLa,event-CNN,quark_jet_2_cut_eventCNN_L_1800_wo_a_Za2l_phi_aug_10_03,0.680526077747345,0.6168831168831169,0.5791119004094002,0.6694226264953613,0.61075,0.6452713250000001,"quark jet: = 2, L: 1800 fb^-1, Za2l, w/o decay product, phi shifting: +10",18,2026-07-23 14:17:44.118430
3564,2519,902,638,10000,10000,CWoLa,event-CNN,quark_jet_2_cut_eventCNN_L_1800_wo_a_Za2l_phi_aug_10_02,0.6574979424476624,0.6194805194805195,0.6190127824618229,0.6456140875816345,0.65625,0.7082812250000001,"quark jet: = 2, L: 1800 fb^-1, Za2l, w/o decay product, phi shifting: +10",21,2026-07-23 14:17:47.337288
3564,2519,902,638,10000,10000,CWoLa,event-CNN,quark_jet_2_cut_eventCNN_L_1800_wo_a_Za2l_phi_aug_10_08,0.6607955098152161,0.6409090909090909,0.6283876304137792,0.6371336579322815,0.65915,0.7174381200000001,"quark jet: = 2, L: 1800 fb^-1, Za2l, w/o decay product, phi shifting: +10",25,2026-07-23 14:18:03.079374
102,66,30,24,10000,10000,CWoLa,event-CNN,quark_jet_2_cut_eventCNN_L_100_wo_a_Za2l_phi_aug_5_06,0.6192522644996643,0.6851851851851852,0.7041666666666666,0.6793999671936035,0.62015,0.667852345,"quark jet: = 2, L: 100 fb^-1, Za2l, w/o decay product, phi shifting: +5",88,2026-07-23 14:18:10.527622
3564,2519,902,638,10000,10000,CWoLa,event-CNN,quark_jet_2_cut_eventCNN_L_1800_wo_a_Za2l_phi_aug_10_05,0.6335274577140808,0.65,0.6732948029109815,0.6667231321334839,0.65765,0.7112381050000001,"quark jet: = 2, L: 1800 fb^-1, Za2l, w/o decay product, phi shifting: +10",26,2026-07-23 14:18:11.210419
3564,2519,902,638,10000,10000,CWoLa,event-CNN,quark_jet_2_cut_eventCNN_L_1800_wo_a_Za2l_phi_aug_10_09,0.6616497039794922,0.6402597402597403,0.6466820510325365,0.616661787033081,0.67105,0.727892135,"quark jet: = 2, L: 1800 fb^-1, Za2l, w/o decay product, phi shifting: +10",22,2026-07-23 14:18:12.344860
3564,2519,902,638,10000,10000,CWoLa,event-CNN,quark_jet_2_cut_eventCNN_L_1800_wo_a_Za2l_phi_aug_10_10,0.6619367599487305,0.6149350649350649,0.6067933328236104,0.6731870174407959,0.63405,0.680734225,"quark jet: = 2, L: 1800 fb^-1, Za2l, w/o decay product, phi shifting: +10",32,2026-07-23 14:18:19.215151
3564,2519,902,638,10000,10000,CWoLa,event-CNN,quark_jet_2_cut_eventCNN_L_1800_wo_a_Za2l_phi_aug_10_06,0.6796161532402039,0.5857142857142857,0.5549267041544739,0.6744247078895569,0.60655,0.638896705,"quark jet: = 2, L: 1800 fb^-1, Za2l, w/o decay product, phi shifting: +10",18,2026-07-23 14:18:37.179935
3564,2519,902,638,10000,10000,CWoLa,event-CNN,quark_jet_2_cut_eventCNN_L_1800_wo_a_Za2l_phi_aug_10_04,0.6614290475845337,0.6090909090909091,0.6200762499218039,0.6465822458267212,0.6638,0.7169834100000001,"quark jet: = 2, L: 1800 fb^-1, Za2l, w/o decay product, phi shifting: +10",23,2026-07-23 14:18:37.412401
3564,2519,902,638,10000,10000,CWoLa,event-CNN,quark_jet_2_cut_eventCNN_L_1800_wo_a_Za2l_phi_aug_10_07,0.6703217625617981,0.6084415584415584,0.6187903578950295,0.6314430236816406,0.66675,0.7223351299999999,"quark jet: = 2, L: 1800 fb^-1, Za2l, w/o decay product, phi shifting: +10",20,2026-07-23 14:18:40.195090
1944,1374,492,348,10000,10000,CWoLa,event-CNN,quark_jet_2_cut_eventCNN_L_1800_wo_a_Za2l_phi_aug_5_01,0.649933934211731,0.6190476190476191,0.638421642837118,0.6453545689582825,0.653,0.7043057300000001,"quark jet: = 2, L: 1800 fb^-1, Za2l, w/o decay product, phi shifting: +5",33,2026-07-23 14:18:55.257994
540,380,136,97,10000,10000,CWoLa,event-CNN,quark_jet_2_cut_eventCNN_L_3000_wo_a_Za2l_04,0.6904503107070923,0.5836909871244635,0.5191403881140085,0.6932982802391052,0.5035,0.500357305,"quark jet: = 2, L: 3000 fb^-1, Za2l, w/o decay product",12,2026-07-23 14:19:16.161797
540,380,136,97,10000,10000,CWoLa,event-CNN,quark_jet_2_cut_eventCNN_L_3000_wo_a_Za2l_10,0.6935442090034485,0.6266094420600858,0.570194057004245,0.6931353211402893,0.51545,0.504589335,"quark jet: = 2, L: 3000 fb^-1, Za2l, w/o decay product",12,2026-07-23 14:19:18.451716
540,380,136,97,10000,10000,CWoLa,event-CNN,quark_jet_2_cut_eventCNN_L_3000_wo_a_Za2l_08,0.6564695835113525,0.6266094420600858,0.6391752577319588,0.6392188668251038,0.66705,0.72699029,"quark jet: = 2, L: 3000 fb^-1, Za2l, w/o decay product",66,2026-07-23 14:20:02.083835
540,380,136,97,10000,10000,CWoLa,event-CNN,quark_jet_2_cut_eventCNN_L_3000_wo_a_Za2l_07,0.63312166929245,0.6566523605150214,0.6716191631291691,0.629466712474823,0.66855,0.7276708100000001,"quark jet: = 2, L: 3000 fb^-1, Za2l, w/o decay product",74,2026-07-23 14:20:10.534583
540,380,136,97,10000,10000,CWoLa,event-CNN,quark_jet_2_cut_eventCNN_L_3000_wo_a_Za2l_03,0.6666121482849121,0.6266094420600858,0.5983929654335961,0.658454954624176,0.63175,0.6787417599999999,"quark jet: = 2, L: 3000 fb^-1, Za2l, w/o decay product",60,2026-07-23 14:20:11.311393
540,380,136,97,10000,10000,CWoLa,event-CNN,quark_jet_2_cut_eventCNN_L_3000_wo_a_Za2l_05,0.6374821066856384,0.6437768240343348,0.6708611279563372,0.6428713202476501,0.66785,0.7251920849999999,"quark jet: = 2, L: 3000 fb^-1, Za2l, w/o decay product",89,2026-07-23 14:20:14.930486
5940,4180,1496,1067,10000,10000,CWoLa,event-CNN,quark_jet_2_cut_eventCNN_L_3000_wo_a_Za2l_phi_aug_10_03,0.6548137664794922,0.6320717908700741,0.6249154258278246,0.6432303786277771,0.66325,0.714089725,"quark jet: = 2, L: 3000 fb^-1, Za2l, w/o decay product, phi shifting: +10",19,2026-07-23 14:20:22.329664
540,380,136,97,10000,10000,CWoLa,event-CNN,quark_jet_2_cut_eventCNN_L_3000_wo_a_Za2l_06,0.6493145227432251,0.6137339055793991,0.6420557913887204,0.6532520055770874,0.6539,0.7051752899999999,"quark jet: = 2, L: 3000 fb^-1, Za2l, w/o decay product",72,2026-07-23 14:20:28.237130
5940,4180,1496,1067,10000,10000,CWoLa,event-CNN,quark_jet_2_cut_eventCNN_L_3000_wo_a_Za2l_phi_aug_10_04,0.6615117192268372,0.6145142411236831,0.6315009347012214,0.6431205868721008,0.66455,0.723632915,"quark jet: = 2, L: 3000 fb^-1, Za2l, w/o decay product, phi shifting: +10",26,2026-07-23 14:20:28.739611
540,380,136,97,10000,10000,CWoLa,event-CNN,quark_jet_2_cut_eventCNN_L_3000_wo_a_Za2l_09,0.6069474220275879,0.6995708154506438,0.716570648878108,0.6265318393707275,0.6734,0.731643025,"quark jet: = 2, L: 3000 fb^-1, Za2l, w/o decay product",71,2026-07-23 14:20:45.497063
5940,4180,1496,1067,10000,10000,CWoLa,event-CNN,quark_jet_2_cut_eventCNN_L_3000_wo_a_Za2l_phi_aug_10_01,0.6695497035980225,0.5977370269215763,0.6028697582807512,0.6617385149002075,0.64465,0.6938606700000001,"quark jet: = 2, L: 3000 fb^-1, Za2l, w/o decay product, phi shifting: +10",22,2026-07-23 14:20:46.944449
5940,4180,1496,1067,10000,10000,CWoLa,event-CNN,quark_jet_2_cut_eventCNN_L_3000_wo_a_Za2l_phi_aug_10_02,0.6622754335403442,0.6223175965665236,0.6339880418385297,0.6225364208221436,0.67955,0.7382323850000001,"quark jet: = 2, L: 3000 fb^-1, Za2l, w/o decay product, phi shifting: +10",32,2026-07-23 14:20:56.508262
5940,4180,1496,1067,10000,10000,CWoLa,event-CNN,quark_jet_2_cut_eventCNN_L_3000_wo_a_Za2l_phi_aug_10_05,0.6380888819694519,0.6601638704642997,0.6678283607896596,0.6358517408370972,0.6698,0.7274125549999999,"quark jet: = 2, L: 3000 fb^-1, Za2l, w/o decay product, phi shifting: +10",23,2026-07-23 14:20:57.768627
5940,4180,1496,1067,10000,10000,CWoLa,event-CNN,quark_jet_2_cut_eventCNN_L_3000_wo_a_Za2l_phi_aug_10_06,0.6437944173812866,0.6254389387436597,0.6520095449784241,0.6623602509498596,0.6616,0.71222331,"quark jet: = 2, L: 3000 fb^-1, Za2l, w/o decay product, phi shifting: +10",18,2026-07-23 14:21:05.717235
5940,4180,1496,1067,10000,10000,CWoLa,event-CNN,quark_jet_2_cut_eventCNN_L_3000_wo_a_Za2l_phi_aug_10_07,0.6301526427268982,0.66601638704643,0.6829019841727267,0.6295588612556458,0.6695,0.7283297,"quark jet: = 2, L: 3000 fb^-1, Za2l, w/o decay product, phi shifting: +10",24,2026-07-23 14:21:12.999461
3240,2280,816,582,10000,10000,CWoLa,event-CNN,quark_jet_2_cut_eventCNN_L_3000_wo_a_Za2l_phi_aug_5_02,0.6689735651016235,0.597997138769671,0.603591823327269,0.6480116844177246,0.67275,0.7263261049999999,"quark jet: = 2, L: 3000 fb^-1, Za2l, w/o decay product, phi shifting: +5",21,2026-07-23 14:21:39.168654
3240,2280,816,582,10000,10000,CWoLa,event-CNN,quark_jet_2_cut_eventCNN_L_3000_wo_a_Za2l_phi_aug_5_01,0.6608200073242188,0.6216022889842633,0.6198832625833839,0.6443981528282166,0.661,0.71325887,"quark jet: = 2, L: 3000 fb^-1, Za2l, w/o decay product, phi shifting: +5",32,2026-07-23 14:21:44.651376
3240,2280,816,582,10000,10000,CWoLa,event-CNN,quark_jet_2_cut_eventCNN_L_3000_wo_a_Za2l_phi_aug_5_03,0.6618379354476929,0.6151645207439199,0.6091633818475845,0.65708327293396,0.65315,0.700284075,"quark jet: = 2, L: 3000 fb^-1, Za2l, w/o decay product, phi shifting: +5",26,2026-07-23 14:21:49.339986
5940,4180,1496,1067,10000,10000,CWoLa,event-CNN,quark_jet_2_cut_eventCNN_L_3000_wo_a_Za2l_phi_aug_10_08,0.6383229494094849,0.6484588373000391,0.6695373855429537,0.6242374181747437,0.67435,0.7325669349999999,"quark jet: = 2, L: 3000 fb^-1, Za2l, w/o decay product, phi shifting: +10",27,2026-07-23 14:22:04.745286
5940,4180,1496,1067,10000,10000,CWoLa,event-CNN,quark_jet_2_cut_eventCNN_L_3000_wo_a_Za2l_phi_aug_10_09,0.6077448725700378,0.6761607491221225,0.7159441735286599,0.6336489915847778,0.6717,0.7287376799999999,"quark jet: = 2, L: 3000 fb^-1, Za2l, w/o decay product, phi shifting: +10",31,2026-07-23 14:22:08.989309
5940,4180,1496,1067,10000,10000,CWoLa,event-CNN,quark_jet_2_cut_eventCNN_L_3000_wo_a_Za2l_phi_aug_10_10,0.6302621364593506,0.6410456496293406,0.6802526199199114,0.6562690138816833,0.656,0.709543155,"quark jet: = 2, L: 3000 fb^-1, Za2l, w/o decay product, phi shifting: +10",24,2026-07-23 14:22:09.370821
53,37,14,10,10000,10000,CWoLa,event-CNN,quark_jet_2_cut_eventCNN_L_300_wo_a_Za2l_01,0.6914495825767517,0.5416666666666666,0.3142857142857143,0.6938788294792175,0.5,0.41707547,"quark jet: = 2, L: 300 fb^-1, Za2l, w/o decay product",12,2026-07-23 14:22:16.985827
3240,2280,816,582,10000,10000,CWoLa,event-CNN,quark_jet_2_cut_eventCNN_L_3000_wo_a_Za2l_phi_aug_5_04,0.6565887928009033,0.6144492131616596,0.6350102755878984,0.668397068977356,0.6677,0.72753613,"quark jet: = 2, L: 3000 fb^-1, Za2l, w/o decay product, phi shifting: +5",28,2026-07-23 14:22:17.558502
3240,2280,816,582,10000,10000,CWoLa,event-CNN,quark_jet_2_cut_eventCNN_L_3000_wo_a_Za2l_phi_aug_5_05,0.6416012644767761,0.6430615164520744,0.6646662960716934,0.6383387446403503,0.66275,0.718064,"quark jet: = 2, L: 3000 fb^-1, Za2l, w/o decay product, phi shifting: +5",31,2026-07-23 14:22:19.086795
3240,2280,816,582,10000,10000,CWoLa,event-CNN,quark_jet_2_cut_eventCNN_L_3000_wo_a_Za2l_phi_aug_5_06,0.6484517455101013,0.6280400572246065,0.6543780742537566,0.6329714059829712,0.6642,0.71724919,"quark jet: = 2, L: 3000 fb^-1, Za2l, w/o decay product, phi shifting: +5",27,2026-07-23 14:22:31.568965
53,37,14,10,10000,10000,CWoLa,event-CNN,quark_jet_2_cut_eventCNN_L_300_wo_a_Za2l_02,0.7006111741065979,0.5833333333333334,0.5071428571428571,0.6907220482826233,0.5605,0.57638682,"quark jet: = 2, L: 300 fb^-1, Za2l, w/o decay product",22,2026-07-23 14:22:37.224823
3240,2280,816,582,10000,10000,CWoLa,event-CNN,quark_jet_2_cut_eventCNN_L_3000_wo_a_Za2l_phi_aug_5_09,0.6228470802307129,0.6702432045779685,0.6983272690519506,0.6258381605148315,0.67405,0.72815744,"quark jet: = 2, L: 3000 fb^-1, Za2l, w/o decay product, phi shifting: +5",29,2026-07-23 14:22:43.263069
3240,2280,816,582,10000,10000,CWoLa,event-CNN,quark_jet_2_cut_eventCNN_L_3000_wo_a_Za2l_phi_aug_5_08,0.6429423093795776,0.6280400572246065,0.6529441243851493,0.6332839131355286,0.6763,0.7345980200000001,"quark jet: = 2, L: 3000 fb^-1, Za2l, w/o decay product, phi shifting: +5",29,2026-07-23 14:22:44.848908
53,37,14,10,10000,10000,CWoLa,event-CNN,quark_jet_2_cut_eventCNN_L_300_wo_a_Za2l_05,0.6897661089897156,0.625,0.5142857142857142,0.693303644657135,0.5181,0.5131495100000001,"quark jet: = 2, L: 300 fb^-1, Za2l, w/o decay product",12,2026-07-23 14:22:50.780317
3240,2280,816,582,10000,10000,CWoLa,event-CNN,quark_jet_2_cut_eventCNN_L_3000_wo_a_Za2l_phi_aug_5_07,0.6236198544502258,0.6816881258941345,0.6934695269860522,0.6426379680633545,0.6677,0.724261495,"quark jet: = 2, L: 3000 fb^-1, Za2l, w/o decay product, phi shifting: +5",43,2026-07-23 14:22:52.375516
3240,2280,816,582,10000,10000,CWoLa,event-CNN,quark_jet_2_cut_eventCNN_L_3000_wo_a_Za2l_phi_aug_5_10,0.6338878870010376,0.6452074391988555,0.6724382622464794,0.6587077379226685,0.6445,0.695991015,"quark jet: = 2, L: 3000 fb^-1, Za2l, w/o decay product, phi shifting: +5",37,2026-07-23 14:22:56.173989
53,37,14,10,10000,10000,CWoLa,event-CNN,quark_jet_2_cut_eventCNN_L_300_wo_a_Za2l_07,0.6943381428718567,0.5416666666666666,0.5071428571428571,0.692656934261322,0.5477,0.56123853,"quark jet: = 2, L: 300 fb^-1, Za2l, w/o decay product",12,2026-07-23 14:22:57.326523
53,37,14,10,10000,10000,CWoLa,event-CNN,quark_jet_2_cut_eventCNN_L_300_wo_a_Za2l_09,0.6863282322883606,0.625,0.4214285714285714,0.6963074207305908,0.5,0.434937325,"quark jet: = 2, L: 300 fb^-1, Za2l, w/o decay product",12,2026-07-23 14:22:57.376510
53,37,14,10,10000,10000,CWoLa,event-CNN,quark_jet_2_cut_eventCNN_L_300_wo_a_Za2l_04,0.6886582374572754,0.7083333333333334,0.5857142857142857,0.6896309852600098,0.56495,0.595277225,"quark jet: = 2, L: 300 fb^-1, Za2l, w/o decay product",30,2026-07-23 14:23:02.279773
53,37,14,10,10000,10000,CWoLa,event-CNN,quark_jet_2_cut_eventCNN_L_300_wo_a_Za2l_06,0.694685161113739,0.5833333333333334,0.4,0.691625714302063,0.589,0.6233981150000001,"quark jet: = 2, L: 300 fb^-1, Za2l, w/o decay product",20,2026-07-23 14:23:08.547026
53,37,14,10,10000,10000,CWoLa,event-CNN,quark_jet_2_cut_eventCNN_L_300_wo_a_Za2l_08,0.6908798217773438,0.6666666666666666,0.5071428571428571,0.6930274367332458,0.51795,0.51985314,"quark jet: = 2, L: 300 fb^-1, Za2l, w/o decay product",19,2026-07-23 14:23:11.442962
53,37,14,10,10000,10000,CWoLa,event-CNN,quark_jet_2_cut_eventCNN_L_300_wo_a_Za2l_10,0.6918309330940247,0.625,0.3857142857142857,0.6934491991996765,0.50005,0.4643253699999999,"quark jet: = 2, L: 300 fb^-1, Za2l, w/o decay product",14,2026-07-23 14:23:13.371977
53,37,14,10,10000,10000,CWoLa,event-CNN,quark_jet_2_cut_eventCNN_L_300_wo_a_Za2l_03,0.6809186935424805,0.6666666666666666,0.55,0.7131974697113037,0.5248,0.507467525,"quark jet: = 2, L: 300 fb^-1, Za2l, w/o decay product",51,2026-07-23 14:23:36.856362
583,407,154,110,10000,10000,CWoLa,event-CNN,quark_jet_2_cut_eventCNN_L_300_wo_a_Za2l_phi_aug_10_02,0.6962639093399048,0.5871212121212122,0.4460743801652893,0.6924358010292053,0.5693,0.58888016,"quark jet: = 2, L: 300 fb^-1, Za2l, w/o decay product, phi shifting: +10",12,2026-07-23 14:23:51.217178
583,407,154,110,10000,10000,CWoLa,event-CNN,quark_jet_2_cut_eventCNN_L_300_wo_a_Za2l_phi_aug_10_06,0.6947052478790283,0.5795454545454546,0.2414994096812278,0.6924887895584106,0.5639,0.5885389,"quark jet: = 2, L: 300 fb^-1, Za2l, w/o decay product, phi shifting: +10",12,2026-07-23 14:24:01.278765
583,407,154,110,10000,10000,CWoLa,event-CNN,quark_jet_2_cut_eventCNN_L_300_wo_a_Za2l_phi_aug_10_08,0.6922961473464966,0.6136363636363636,0.5947461629279811,0.6929911375045776,0.51535,0.5137067200000001,"quark jet: = 2, L: 300 fb^-1, Za2l, w/o decay product, phi shifting: +10",14,2026-07-23 14:24:09.163148
318,222,84,60,10000,10000,CWoLa,event-CNN,quark_jet_2_cut_eventCNN_L_300_wo_a_Za2l_phi_aug_5_02,0.6933098435401917,0.5763888888888888,0.4261904761904762,0.6918802261352539,0.55595,0.5726726900000001,"quark jet: = 2, L: 300 fb^-1, Za2l, w/o decay product, phi shifting: +5",25,2026-07-23 14:24:22.265695
583,407,154,110,10000,10000,CWoLa,event-CNN,quark_jet_2_cut_eventCNN_L_300_wo_a_Za2l_phi_aug_10_04,0.6969909071922302,0.5871212121212122,0.5328217237308147,0.6875888109207153,0.59175,0.62227309,"quark jet: = 2, L: 300 fb^-1, Za2l, w/o decay product, phi shifting: +10",20,2026-07-23 14:24:43.228991
318,222,84,60,10000,10000,CWoLa,event-CNN,quark_jet_2_cut_eventCNN_L_300_wo_a_Za2l_phi_aug_5_04,0.6946041584014893,0.5902777777777778,0.4737103174603174,0.6926897168159485,0.55545,0.57170228,"quark jet: = 2, L: 300 fb^-1, Za2l, w/o decay product, phi shifting: +5",12,2026-07-23 14:24:44.582619
318,222,84,60,10000,10000,CWoLa,event-CNN,quark_jet_2_cut_eventCNN_L_300_wo_a_Za2l_phi_aug_5_03,0.6879456043243408,0.6736111111111112,0.7073412698412699,0.6928282976150513,0.54335,0.5571188,"quark jet: = 2, L: 300 fb^-1, Za2l, w/o decay product, phi shifting: +5",25,2026-07-23 14:24:51.757286
583,407,154,110,10000,10000,CWoLa,event-CNN,quark_jet_2_cut_eventCNN_L_300_wo_a_Za2l_phi_aug_10_05,0.6928072571754456,0.5795454545454546,0.5229043683589139,0.6935368776321411,0.5264,0.511164635,"quark jet: = 2, L: 300 fb^-1, Za2l, w/o decay product, phi shifting: +10",33,2026-07-23 14:24:57.628471
583,407,154,110,10000,10000,CWoLa,event-CNN,quark_jet_2_cut_eventCNN_L_300_wo_a_Za2l_phi_aug_10_01,0.5347543358802795,0.7537878787878788,0.8079102715466351,0.7170432209968567,0.64105,0.6887812950000001,"quark jet: = 2, L: 300 fb^-1, Za2l, w/o decay product, phi shifting: +10",82,2026-07-23 14:25:02.216250
318,222,84,60,10000,10000,CWoLa,event-CNN,quark_jet_2_cut_eventCNN_L_300_wo_a_Za2l_phi_aug_5_05,0.6902859210968018,0.5763888888888888,0.4968253968253968,0.6934571862220764,0.5029,0.4909732249999999,"quark jet: = 2, L: 300 fb^-1, Za2l, w/o decay product, phi shifting: +5",25,2026-07-23 14:25:07.087533
583,407,154,110,10000,10000,CWoLa,event-CNN,quark_jet_2_cut_eventCNN_L_300_wo_a_Za2l_phi_aug_10_07,0.6843467354774475,0.5946969696969697,0.5621605667060212,0.6734719276428223,0.5887,0.6240662849999999,"quark jet: = 2, L: 300 fb^-1, Za2l, w/o decay product, phi shifting: +10",30,2026-07-23 14:25:07.230461
318,222,84,60,10000,10000,CWoLa,event-CNN,quark_jet_2_cut_eventCNN_L_300_wo_a_Za2l_phi_aug_5_06,0.6892914772033691,0.5902777777777778,0.4416666666666666,0.6918289065361023,0.5696,0.5959402950000001,"quark jet: = 2, L: 300 fb^-1, Za2l, w/o decay product, phi shifting: +5",24,2026-07-23 14:25:20.541004
161,113,41,30,10000,10000,CWoLa,event-CNN,quark_jet_2_cut_eventCNN_L_900_wo_a_Za2l_01,0.6931827068328857,0.5633802816901409,0.5203252032520325,0.6930934190750122,0.5199,0.515444725,"quark jet: = 2, L: 900 fb^-1, Za2l, w/o decay product",12,2026-07-23 14:25:31.116150
318,222,84,60,10000,10000,CWoLa,event-CNN,quark_jet_2_cut_eventCNN_L_300_wo_a_Za2l_phi_aug_5_09,0.6915061473846436,0.6180555555555556,0.5847222222222223,0.6925146579742432,0.5545,0.5756752599999999,"quark jet: = 2, L: 300 fb^-1, Za2l, w/o decay product, phi shifting: +5",13,2026-07-23 14:25:35.073687
318,222,84,60,10000,10000,CWoLa,event-CNN,quark_jet_2_cut_eventCNN_L_300_wo_a_Za2l_phi_aug_5_07,0.685556173324585,0.5902777777777778,0.5307539682539683,0.6841266751289368,0.59065,0.6282098,"quark jet: = 2, L: 300 fb^-1, Za2l, w/o decay product, phi shifting: +5",36,2026-07-23 14:25:37.295110
318,222,84,60,10000,10000,CWoLa,event-CNN,quark_jet_2_cut_eventCNN_L_300_wo_a_Za2l_phi_aug_5_10,0.6918655037879944,0.5763888888888888,0.5464285714285714,0.6926320195198059,0.542,0.56115293,"quark jet: = 2, L: 300 fb^-1, Za2l, w/o decay product, phi shifting: +5",12,2026-07-23 14:25:40.621763
583,407,154,110,10000,10000,CWoLa,event-CNN,quark_jet_2_cut_eventCNN_L_300_wo_a_Za2l_phi_aug_10_09,0.6354124546051025,0.6704545454545454,0.6350059031877213,0.6563839316368103,0.64175,0.690926255,"quark jet: = 2, L: 300 fb^-1, Za2l, w/o decay product, phi shifting: +10",44,2026-07-23 14:25:43.370081
161,113,41,30,10000,10000,CWoLa,event-CNN,quark_jet_2_cut_eventCNN_L_900_wo_a_Za2l_02,0.6905167698860168,0.647887323943662,0.5951219512195122,0.6926841139793396,0.5563,0.57642237,"quark jet: = 2, L: 900 fb^-1, Za2l, w/o decay product",12,2026-07-23 14:25:43.878864
161,113,41,30,10000,10000,CWoLa,event-CNN,quark_jet_2_cut_eventCNN_L_900_wo_a_Za2l_03,0.6944639086723328,0.6056338028169014,0.4796747967479675,0.6924732327461243,0.54535,0.554189205,"quark jet: = 2, L: 900 fb^-1, Za2l, w/o decay product",16,2026-07-23 14:25:53.156944
161,113,41,30,10000,10000,CWoLa,event-CNN,quark_jet_2_cut_eventCNN_L_900_wo_a_Za2l_04,0.6947109699249268,0.5774647887323944,0.4845528455284553,0.6926970481872559,0.54745,0.55972142,"quark jet: = 2, L: 900 fb^-1, Za2l, w/o decay product",17,2026-07-23 14:25:55.512440
161,113,41,30,10000,10000,CWoLa,event-CNN,quark_jet_2_cut_eventCNN_L_900_wo_a_Za2l_05,0.6964572072029114,0.5915492957746479,0.5,0.6924915313720703,0.5552,0.56912413,"quark jet: = 2, L: 900 fb^-1, Za2l, w/o decay product",12,2026-07-23 14:25:56.997343
583,407,154,110,10000,10000,CWoLa,event-CNN,quark_jet_2_cut_eventCNN_L_300_wo_a_Za2l_phi_aug_10_03,0.5468835830688477,0.7310606060606061,0.7899645808736718,0.7410162687301636,0.5907,0.62533136,"quark jet: = 2, L: 300 fb^-1, Za2l, w/o decay product, phi shifting: +10",67,2026-07-23 14:25:59.672680
318,222,84,60,10000,10000,CWoLa,event-CNN,quark_jet_2_cut_eventCNN_L_300_wo_a_Za2l_phi_aug_5_08,0.6827549338340759,0.7083333333333334,0.6827380952380953,0.6949779987335205,0.5,0.465721315,"quark jet: = 2, L: 300 fb^-1, Za2l, w/o decay product, phi shifting: +5",23,2026-07-23 14:26:02.716416
161,113,41,30,10000,10000,CWoLa,event-CNN,quark_jet_2_cut_eventCNN_L_900_wo_a_Za2l_06,0.6936664581298828,0.5915492957746479,0.4495934959349593,0.693306565284729,0.5004,0.458299005,"quark jet: = 2, L: 900 fb^-1, Za2l, w/o decay product",12,2026-07-23 14:26:04.512070
583,407,154,110,10000,10000,CWoLa,event-CNN,quark_jet_2_cut_eventCNN_L_300_wo_a_Za2l_phi_aug_10_10,0.6417660713195801,0.6287878787878788,0.6516528925619836,0.7236239910125732,0.5092,0.507766385,"quark jet: = 2, L: 300 fb^-1, Za2l, w/o decay product, phi shifting: +10",49,2026-07-23 14:26:07.933289
161,113,41,30,10000,10000,CWoLa,event-CNN,quark_jet_2_cut_eventCNN_L_900_wo_a_Za2l_07,0.6919991374015808,0.5915492957746479,0.4926829268292683,0.6921076774597168,0.57235,0.593975875,"quark jet: = 2, L: 900 fb^-1, Za2l, w/o decay product",12,2026-07-23 14:26:09.526572
161,113,41,30,10000,10000,CWoLa,event-CNN,quark_jet_2_cut_eventCNN_L_900_wo_a_Za2l_08,0.6892774701118469,0.647887323943662,0.6276422764227642,0.6930601000785828,0.5319,0.5384464,"quark jet: = 2, L: 900 fb^-1, Za2l, w/o decay product",12,2026-07-23 14:26:12.524921
161,113,41,30,10000,10000,CWoLa,event-CNN,quark_jet_2_cut_eventCNN_L_900_wo_a_Za2l_09,0.6897578835487366,0.5915492957746479,0.5195121951219512,0.6937149167060852,0.5,0.4680534699999999,"quark jet: = 2, L: 900 fb^-1, Za2l, w/o decay product",12,2026-07-23 14:26:15.012576
161,113,41,30,10000,10000,CWoLa,event-CNN,quark_jet_2_cut_eventCNN_L_900_wo_a_Za2l_10,0.6895259022712708,0.5774647887323944,0.416260162601626,0.6945639848709106,0.5,0.44208104,"quark jet: = 2, L: 900 fb^-1, Za2l, w/o decay product",12,2026-07-23 14:26:17.849344
318,222,84,60,10000,10000,CWoLa,event-CNN,quark_jet_2_cut_eventCNN_L_300_wo_a_Za2l_phi_aug_5_01,0.4986945390701294,0.7986111111111112,0.8325396825396826,0.7311105728149414,0.6218,0.667207755,"quark jet: = 2, L: 300 fb^-1, Za2l, w/o decay product, phi shifting: +5",161,2026-07-23 14:26:40.354337
1771,1243,451,330,10000,10000,CWoLa,event-CNN,quark_jet_2_cut_eventCNN_L_900_wo_a_Za2l_phi_aug_10_01,0.6902590990066528,0.5761843790012804,0.5412819995968554,0.6787540316581726,0.5875,0.614599755,"quark jet: = 2, L: 900 fb^-1, Za2l, w/o decay product, phi shifting: +10",20,2026-07-23 14:26:58.312164
1771,1243,451,330,10000,10000,CWoLa,event-CNN,quark_jet_2_cut_eventCNN_L_900_wo_a_Za2l_phi_aug_10_04,0.6762237548828125,0.5851472471190781,0.5932876436202379,0.6614981889724731,0.62645,0.671206145,"quark jet: = 2, L: 900 fb^-1, Za2l, w/o decay product, phi shifting: +10",21,2026-07-23 14:27:20.091822
966,678,246,180,10000,10000,CWoLa,event-CNN,quark_jet_2_cut_eventCNN_L_900_wo_a_Za2l_phi_aug_5_01,0.6859586238861084,0.5821596244131455,0.5432023486901536,0.6827014088630676,0.5819,0.610642935,"quark jet: = 2, L: 900 fb^-1, Za2l, w/o decay product, phi shifting: +5",23,2026-07-23 14:27:39.871768
1771,1243,451,330,10000,10000,CWoLa,event-CNN,quark_jet_2_cut_eventCNN_L_900_wo_a_Za2l_phi_aug_10_02,0.6424004435539246,0.6658130601792573,0.675488812739367,0.6238585710525513,0.66345,0.7187369050000001,"quark jet: = 2, L: 900 fb^-1, Za2l, w/o decay product, phi shifting: +10",38,2026-07-23 14:27:44.135960
1771,1243,451,330,10000,10000,CWoLa,event-CNN,quark_jet_2_cut_eventCNN_L_900_wo_a_Za2l_phi_aug_10_10,0.6837830543518066,0.587708066581306,0.5517839145333602,0.6724022030830383,0.6045,0.63879025,"quark jet: = 2, L: 900 fb^-1, Za2l, w/o decay product, phi shifting: +10",28,2026-07-23 14:27:45.216117
1771,1243,451,330,10000,10000,CWoLa,event-CNN,quark_jet_2_cut_eventCNN_L_900_wo_a_Za2l_phi_aug_10_05,0.6851858496665955,0.587708066581306,0.5599744675132701,0.67368084192276,0.59765,0.625757845,"quark jet: = 2, L: 900 fb^-1, Za2l, w/o decay product, phi shifting: +10",24,2026-07-23 14:27:54.645077
966,678,246,180,10000,10000,CWoLa,event-CNN,quark_jet_2_cut_eventCNN_L_900_wo_a_Za2l_phi_aug_5_02,0.6489825248718262,0.6690140845070423,0.6573848238482385,0.6396408081054688,0.6569,0.7091431250000001,"quark jet: = 2, L: 900 fb^-1, Za2l, w/o decay product, phi shifting: +5",54,2026-07-23 14:27:58.339998
1771,1243,451,330,10000,10000,CWoLa,event-CNN,quark_jet_2_cut_eventCNN_L_900_wo_a_Za2l_phi_aug_10_03,0.6270759105682373,0.6555697823303457,0.6966874958005778,0.6384006142616272,0.66395,0.719030865,"quark jet: = 2, L: 900 fb^-1, Za2l, w/o decay product, phi shifting: +10",32,2026-07-23 14:27:59.420338
1771,1243,451,330,10000,10000,CWoLa,event-CNN,quark_jet_2_cut_eventCNN_L_900_wo_a_Za2l_phi_aug_10_07,0.6489320993423462,0.6696542893725992,0.6602633877578444,0.6362069845199585,0.6477,0.7005894699999999,"quark jet: = 2, L: 900 fb^-1, Za2l, w/o decay product, phi shifting: +10",25,2026-07-23 14:28:10.824952
966,678,246,180,10000,10000,CWoLa,event-CNN,quark_jet_2_cut_eventCNN_L_900_wo_a_Za2l_phi_aug_5_04,0.6745453476905823,0.5892018779342723,0.588256549232159,0.6622252464294434,0.6221,0.6648116049999999,"quark jet: = 2, L: 900 fb^-1, Za2l, w/o decay product, phi shifting: +5",30,2026-07-23 14:28:13.771036
1771,1243,451,330,10000,10000,CWoLa,event-CNN,quark_jet_2_cut_eventCNN_L_900_wo_a_Za2l_phi_aug_10_06,0.6294420957565308,0.6914212548015365,0.7216891755694417,0.652216374874115,0.62325,0.6674518899999999,"quark jet: = 2, L: 900 fb^-1, Za2l, w/o decay product, phi shifting: +10",29,2026-07-23 14:28:18.661772
1771,1243,451,330,10000,10000,CWoLa,event-CNN,quark_jet_2_cut_eventCNN_L_900_wo_a_Za2l_phi_aug_10_08,0.6589459180831909,0.6261203585147247,0.6166700262043943,0.625264585018158,0.67925,0.7372231199999999,"quark jet: = 2, L: 900 fb^-1, Za2l, w/o decay product, phi shifting: +10",30,2026-07-23 14:28:19.428067
966,678,246,180,10000,10000,CWoLa,event-CNN,quark_jet_2_cut_eventCNN_L_900_wo_a_Za2l_phi_aug_5_05,0.6859216094017029,0.5821596244131455,0.5326784101174346,0.6806558966636658,0.58245,0.6075362599999999,"quark jet: = 2, L: 900 fb^-1, Za2l, w/o decay product, phi shifting: +5",26,2026-07-23 14:28:21.312651
1771,1243,451,330,10000,10000,CWoLa,event-CNN,quark_jet_2_cut_eventCNN_L_900_wo_a_Za2l_phi_aug_10_09,0.6141847968101501,0.7093469910371318,0.7155949741315595,0.632215142250061,0.67185,0.725926765,"quark jet: = 2, L: 900 fb^-1, Za2l, w/o decay product, phi shifting: +10",35,2026-07-23 14:28:22.028116
966,678,246,180,10000,10000,CWoLa,event-CNN,quark_jet_2_cut_eventCNN_L_900_wo_a_Za2l_phi_aug_5_03,0.6272239089012146,0.6643192488262911,0.6921860885275519,0.6477967500686646,0.6569,0.709543195,"quark jet: = 2, L: 900 fb^-1, Za2l, w/o decay product, phi shifting: +5",45,2026-07-23 14:28:32.107726
966,678,246,180,10000,10000,CWoLa,event-CNN,quark_jet_2_cut_eventCNN_L_900_wo_a_Za2l_phi_aug_5_10,0.682249128818512,0.5938967136150235,0.5497515808491418,0.6746971011161804,0.5979,0.63432004,"quark jet: = 2, L: 900 fb^-1, Za2l, w/o decay product, phi shifting: +5",41,2026-07-23 14:29:04.543122
966,678,246,180,10000,10000,CWoLa,event-CNN,quark_jet_2_cut_eventCNN_L_900_wo_a_Za2l_phi_aug_5_07,0.6397236585617065,0.6643192488262911,0.668970189701897,0.664117693901062,0.63,0.6793083099999999,"quark jet: = 2, L: 900 fb^-1, Za2l, w/o decay product, phi shifting: +5",32,2026-07-23 14:29:07.846938
966,678,246,180,10000,10000,CWoLa,event-CNN,quark_jet_2_cut_eventCNN_L_900_wo_a_Za2l_phi_aug_5_08,0.6500351428985596,0.6314553990610329,0.6478771454381211,0.6316993832588196,0.6632,0.722795265,"quark jet: = 2, L: 900 fb^-1, Za2l, w/o decay product, phi shifting: +5",44,2026-07-23 14:29:14.436112
966,678,246,180,10000,10000,CWoLa,event-CNN,quark_jet_2_cut_eventCNN_L_900_wo_a_Za2l_phi_aug_5_06,0.6364792585372925,0.6666666666666666,0.6965221318879855,0.6688942909240723,0.6346,0.67682217,"quark jet: = 2, L: 900 fb^-1, Za2l, w/o decay product, phi shifting: +5",41,2026-07-23 14:29:25.235001
966,678,246,180,10000,10000,CWoLa,event-CNN,quark_jet_2_cut_eventCNN_L_900_wo_a_Za2l_phi_aug_5_09,0.6058974266052246,0.6901408450704225,0.7291553748870823,0.6490902900695801,0.6667,0.7209634199999999,"quark jet: = 2, L: 900 fb^-1, Za2l, w/o decay product, phi shifting: +5",54,2026-07-23 14:29:45.673678
540,380,136,97,10000,10000,CWoLa,event-CNN,quark_jet_2_cut_eventCNN_L_3000_wo_a_Za2l_02,0.6864867806434631,0.5793991416309013,0.4076713159490601,0.6957147717475891,0.5049,0.484424195,"quark jet: = 2, L: 3000 fb^-1, Za2l, w/o decay product",12,2026-07-23 14:32:10.820527
1944,1374,492,348,10000,10000,CWoLa,event-CNN,quark_jet_2_cut_eventCNN_L_1800_wo_a_Za2l_phi_aug_5_06,0.6848945021629333,0.5845238095238096,0.5568463227735725,0.680117666721344,0.59655,0.625593005,"quark jet: = 2, L: 1800 fb^-1, Za2l, w/o decay product, phi shifting: +5",19,2026-07-23 14:32:41.343921
1944,1374,492,348,10000,10000,CWoLa,event-CNN,quark_jet_2_cut_eventCNN_L_1800_wo_a_Za2l_phi_aug_5_03,0.6792835593223572,0.6190476190476191,0.574677600224278,0.6711382865905762,0.6042,0.636478785,"quark jet: = 2, L: 1800 fb^-1, Za2l, w/o decay product, phi shifting: +5",25,2026-07-23 14:32:46.803118
1944,1374,492,348,10000,10000,CWoLa,event-CNN,quark_jet_2_cut_eventCNN_L_1800_wo_a_Za2l_phi_aug_5_04,0.6671039462089539,0.6142857142857143,0.6166246145220073,0.6363031268119812,0.66585,0.72010728,"quark jet: = 2, L: 1800 fb^-1, Za2l, w/o decay product, phi shifting: +5",28,2026-07-23 14:32:55.717958
1944,1374,492,348,10000,10000,CWoLa,event-CNN,quark_jet_2_cut_eventCNN_L_1800_wo_a_Za2l_phi_aug_5_10,0.6591010689735413,0.65,0.6296315764881786,0.6628913283348083,0.65975,0.713419215,"quark jet: = 2, L: 1800 fb^-1, Za2l, w/o decay product, phi shifting: +5",34,2026-07-23 14:33:01.158744
1944,1374,492,348,10000,10000,CWoLa,event-CNN,quark_jet_2_cut_eventCNN_L_1800_wo_a_Za2l_phi_aug_5_07,0.6672820448875427,0.6023809523809524,0.6043652462386693,0.6721510291099548,0.62905,0.67738164,"quark jet: = 2, L: 1800 fb^-1, Za2l, w/o decay product, phi shifting: +5",25,2026-07-23 14:33:02.228562
1944,1374,492,348,10000,10000,CWoLa,event-CNN,quark_jet_2_cut_eventCNN_L_1800_wo_a_Za2l_phi_aug_5_02,0.6587866544723511,0.6238095238095238,0.6118762265208859,0.6486669182777405,0.658,0.70710966,"quark jet: = 2, L: 1800 fb^-1, Za2l, w/o decay product, phi shifting: +5",30,2026-07-23 14:33:03.827448
1944,1374,492,348,10000,10000,CWoLa,event-CNN,quark_jet_2_cut_eventCNN_L_1800_wo_a_Za2l_phi_aug_5_08,0.6601313948631287,0.6345238095238095,0.6247079712176432,0.6364520192146301,0.66505,0.7248675750000001,"quark jet: = 2, L: 1800 fb^-1, Za2l, w/o decay product, phi shifting: +5",28,2026-07-23 14:33:05.676750
1944,1374,492,348,10000,10000,CWoLa,event-CNN,quark_jet_2_cut_eventCNN_L_1800_wo_a_Za2l_phi_aug_5_09,0.6482943296432495,0.6630952380952381,0.638380758807588,0.6510774493217468,0.6539,0.7053168750000001,"quark jet: = 2, L: 1800 fb^-1, Za2l, w/o decay product, phi shifting: +5",28,2026-07-23 14:33:06.977633
540,380,136,97,10000,10000,CWoLa,event-CNN,quark_jet_2_cut_eventCNN_L_3000_wo_a_Za2l_01,0.6542246341705322,0.6223175965665236,0.6352334748332322,0.6456393003463745,0.64525,0.697389325,"quark jet: = 2, L: 3000 fb^-1, Za2l, w/o decay product",62,2026-07-23 14:33:07.607454
1944,1374,492,348,10000,10000,CWoLa,event-CNN,quark_jet_2_cut_eventCNN_L_1800_wo_a_Za2l_phi_aug_5_05,0.6247155070304871,0.6666666666666666,0.6893397813288478,0.6794030666351318,0.6556,0.7096110099999999,"quark jet: = 2, L: 1800 fb^-1, Za2l, w/o decay product, phi shifting: +5",37,2026-07-23 14:33:07.806497
